ID,Site,Layer,Unit,Other Name,Raw Material,Cortex Percent,Artifact class,Cortex Origin,Complete,Platform?,Initiated,Termination,Flake Geometry,Platform Preparation,PlatformAbrasion,Platform Width,Platform Thickness,Flaking Stage,Maximum Length,Technological Length,Maximum Width,Technological Width,Thickness,Mass,Notes,Photo
a1,SBF,4A,J3,Lower Furnace ,Quartz,1-10%,flake,Cobble,Indeterminate,No,No bulb,Step,Rhombus,No prepared,No,N/A,N/A,Main,18.17mm,N/A,7.84mm,N/A,5.68mm,0.66g,,
a2,SBF,4A,J3,Lower Furnace ,Quartz,0%,flake,Cobble,Indeterminate,Yes,Bulb,Feather,Kite,Residual grooves on platform,No,4.36mm,1.92mm,Main,11.73mm,9.52mm,9.11mm,9.11mm,1.43mm,0.15g,,
a3,SBF,4A,J3,Lower Furnace ,Quartz,0%,flake,Cobble,Indeterminate,No,No bulb,Feather,Triangular,No prepared,Indeterminate,N/A,N/A,Main,14.36mm,N/A,13.18mm,N/A,5.93mm,0.75g,,
a4,SBF,4A,J3,Lower Furnace ,Quartz,0%,flake,Cobble,Complete,Yes,Bulb,Feather,Triangular,Residual grooves on platform,No,2.17mm,1.03mm,Main,9.94mm,8.52mm,6.33mm,5.41mm,1.86mm,0.08g,,
a5,SBF,4A,J3,Lower Furnace ,Quartz,1-10%,flake,Cobble,Complete,Yes,Bulb,Feather,Trapezoidal,Indeterminate,No,11.24mm,5.15mm,Main,10.39mm,10.27mm,8.91mm,8.6mm,4.62mm,0.46g,,
a6,SBF,4A,J3,Lower Furnace ,Quartz,0%,flake,Cobble,Complete,Yes,Bulb,Feather,Triangular,Residual grooves on platform,No,3.54mm,1.91mm,Main,9.25mm,9.25mm,11.10mm,7.98mm,1.88mm,0.17g,,
a7,SBF,4A,J3,Lower Furnace ,Quartz,0%,flake,Cobble,Complete,Yes,Bulb,Feather,Trapezoidal,No prepared,No,5.30mm,1.82mm,Main,13.59mm,12.02mm,9.03mm,8.17mm,2.13mm,0.31g,,
a8,SBF,4A,J3,Lower Furnace ,Quartz,0%,flake,Cobble,Complete,Yes,Bulb,Feather,Rectangular,Residual grooves on platform,No,8.18mm,4.64mm,Main,13.79mm,13.07mm,7.85mm,7.66mm,5.85mm,0.71g,,
a9,SBF,4A,J3,Lower Furnace ,Quartz,1-10%,flake,Cobble,Complete,Yes,Bulb,Feather,Triangular,Residual grooves on platform,No,7.31mm,3.92mm,Main,9.47mm,8.84mm,12.42mm,11.50mm,3.78mm,0.46g,,
a10,SBF,4A,J3,Lower Furnace ,Quartz,61-90%,flake,Cobble,Complete,Yes,Bulb,Feather,Circular,No prepared,Yes,12.68mm,7.73mm,Main,20.92mm,19.30mm,16.50mm,14.54mm,8.36mm,2.67g,,
a11,SBF,4A,J3,Lower Furnace,Quartz,0%,blade,Cobble,Complete,Yes,Bulb,Feather,Triangular,Residual grooves on platform,No,22.53mm,6.12mm,Main,9.85mm,9.88mm,27.24mm,23.80mm,5.77mm,1.53g,,
a12,SBF,4A,J3,Lower Furnace,Quartzite,0%,flake,Cobble,Indeterminate,Yes,Bulb,Step,Triangular,Indeterminate,No,7.62mm,3.56mm,Main,10.88mm,N/A,9.25mm,N/A,4.26mm,0.51g,,
a13,SBF,4A,J3,Lower Furnace,Quartz,0%,flake,Cobble,Complete,Yes,Bulb,Feather,Triangular,Residual grooves on platform,No,10.80mm,3.25mm,Main,13.94mm,13.53mm,10.80mm,10.89mm,4.52mm,0.72g,,
a14,SBF,4A,J3,Lower Furnace,Quartz,0%,flake,Cobble,Complete,Yes,Bulb,Feather,Ovular,Residual grooves on platform,No,9.32mm,2.86mm,Main,5.56mm,5.82mm,9.20mm,8.01mm,3.12mm,0.23g,,
a15,SBF,4A,J3,Lower Furnace,Quartz,0%,flake,Cobble,Complete,Yes,Bulb,Feather,Rectangular,Residual grooves on platform,No,4.94mm,1.11mm,Main,14.61mm,12.95mm,21.70mm,21.42mm,5.17mm,1.73g,,
a16,SBF,4A,J3,Lower Furnace,Quartz,1-10%,flake,Cobble,Complete,Yes,Bulb,Feather,Rectangular,Full grooves through platform,No,9.84mm,4.63mm,Main,16.83mm,16.40mm,12.13mm,12.10mm,3.84mm,1.03g,,
a17,SBF,4A,J3,Lower Furnace,Quartz,1-10%,flake,Cobble,Complete,Yes,Bulb,Feather,Rectangular,Full grooves through platform,No,9.49mm,2.31mm,Main,11.90mm,10.50mm,13.39mm,12.65mm,2.72mm,0.56g,,
a18,SBF,5A,J3,ORGANIC MANTIS III,Quartz,1-10%,flake,Cobble,Complete,Yes,Bulb,Feather,Rectangular,Residual grooves on platform,No,8.73mm,2.86mm,Main,11.08mm,10.94mm,9.12mm,7.69mm,2.47mm,0.30g,,
a19,SBF,5A,J3,ORGANIC MANTIS III,Quartz,1-10%,flake,Cobble,Complete,Yes,Bulb,Feather,Circular,Residual grooves on platform,Yes,2.37mm,0.96mm,Main,13.82mm,13.35mm,10.95mm,10.95mm,1.72mm,0.29g,,
a20,SBF,5A,J3,ORGANIC MANTIS III,Quartz,1-10%,flake,Cobble,Complete,Yes,Bulb,Feather,Rectangular,Residual grooves on platform,No,5.12mm,2.02mm,Main,9.69mm,9.47mm,9.83mm,5.68mm,4.06mm,0.31g,,
a21,SBF,5A,J3,ORGANIC MANTIS III,Quartz,0%,flake,Cobble,Complete,Yes,Bulb,Feather,Rectangular,Residual grooves on platform,No,2.97mm,0.93mm,Main,20.43mm,19.95mm,14.32mm,10.66mm,4.47mm,0.97g,,
a22,SBF,5A,J3,ORGANIC MANTIS III,Quartz,1-10%,flake,Cobble,Complete,Yes,Bulb,Feather,Rectangular,No prepared,No,2.65mm,1.08mm,Main,9.51mm,9.49mm,6.42mm,6.21mm,1.93mm,0.16g,,
a23,SBF,5A,J3,ORGANIC MANTIS III,Quartz,1-10%,flake,Cobble,Complete,Yes,Bulb,Feather,Circular,Residual grooves on platform,Yes,5.14mm,1.20mm,Main,12.85mm,12.22mm,10.32mm,10.19mm,3.40mm,0.45g,,
a24,SBF,5A,J3,ORGANIC MANTIS III,Quartz,0%,flake,Cobble,Complete,Yes,Bulb,Feather,Rectangular,Residual grooves on platform,No,3.15mm,1.09mm,Main,14.96mm,14.62mm,11.61mm,9.45mm,2.17mm,0.33g,,
a25,SBF,5A,J3,ORGANIC MANTIS III,Quartz,1-10%,flake,Cobble,Complete,Yes,Bulb,Feather,Rectangular,Residual grooves on platform,No,2.12mm,1.24mm,Main,10.80mm,10.09mm,7.20mm,5.93mm,2.63mm,0.18g,,
a26,SBF,5A,J3,ORGANIC MANTIS III,Quartz,1-10%,flake,Cobble,Complete,Yes,Bulb,Feather,Rectangular,Residual grooves on platform,No,8.17mm,3.13mm,Main,11.65mm,10.58mm,8.20mm,7.49mm,3.13mm,0.30g,,
a27,SBF,5A,J3,ORGANIC MANTIS III,Quartz,0%,flake,Cobble,Complete,Yes,Bulb,Feather,Triangular,Residual grooves on platform,No,7.59mm,2.14mm,Main,10.25mm,8.71mm,9.83mm,9.53mm,2.28mm,0.21g,,
a28,SBF,5A,J3,ORGANIC MANTIS III,Quartz,11-40%,flake,Cobble,Complete,Yes,Bulb,Feather,Rectangular,Residual grooves on platform,No,10.47mm,2.50mm,Main,8.08mm,7.71mm,13.01mm,12.84mm,2.67mm,0.29g,,
a29,SBF,5A,J3,ORGANIC MANTIS III,Quartz,0%,flake,Cobble,Complete,Yes,Bulb,Feather,Rectangular,Residual grooves on platform,No,8.51mm,3.84mm,Main,10.78mm,10.67mm,10.40mm,8.75mm,3.89mm,0.42g,,
a30,SBF,5A,J3,ORGANIC MANTIS III,Quartz,0%,flake,Cobble,Complete,Yes,Bulb,Feather,Circular,Residual grooves on platform,No,2.26mm,1.37mm,Main,9.04mm,8.40mm,9.92mm,6.75mm,1.47mm,0.15g,,
a31,SBF,5A,J3,ORGANIC MANTIS III,Quartz,0%,flake,Cobble,Complete,Yes,Bulb,Feather,Circular,Residual grooves on platform,No,9.50mm,2.78mm,Main,28.96mm,21.54mm,27.26mm,26.25mm,4.10mm,2.86g,,
a32,SBF,5A,J3,ORGANIC MANTIS III,Quartz,0%,flake,Cobble,Complete,Yes,Bulb,Feather,Triangular,Residual grooves on platform,No,9.70mm,2.44mm,Main,20.13mm,19.95mm,13.04mm,10.84mm,3.31mm,0.76g,,
a33,SBF,5A,J3,ORGANIC MANTIS III,Quartz,0%,flake,Cobble,Complete,Yes,Bulb,Feather,Triangular,Residual grooves on platform,No,13.13mm,4.79mm,Main,"16,68mm",15.77mm,13.39mm,12.14mm,6.74mm,1.31g,,
a34,SBF,5A,J3,ORGANIC MANTIS III,Quartz,0%,flake,Cobble,Complete,Yes,No bulb,Feather,Circular,Residual grooves on platform,No,5.26mm,0.82mm,Main,11.56mm,10.65mm,12.38mm,11.16mm,2.61mm,0.44g,,
a35,SBF,5A,J3,ORGANIC MANTIS III,Quartz,1-10%,flake,Cobble,Complete,Yes,Bulb,Feather,Rectangular,Residual grooves on platform,No,9.92mm,3.66mm,Main,17.12mm,15.88mm,12.46mm,9.99mm,3.97mm,0.76g,,
a36,SBF,5A,J3,ORGANIC MANTIS III,Quartz,0%,flake,Cobble,Complete,Yes,Bulb,Feather,Rectangular,Residual grooves on platform,No,5.35mm,0.86mm,Main,8.36mm,7.76mm,11.18mm,9.22mm,1.20mm,0.16g,,
a37,SBF,5A,J3,ORGANIC MANTIS III,Quartz,0%,flake,Cobble,Complete,Yes,Bulb,Feather,Rectangular,Residual grooves on platform,No,5.30mm,2.25mm,Main,12.71mm,11.55mm,8.65mm,8.82mm,1.94mm,0.27g,,
a38,SBF,5A,J3,ORGANIC MANTIS III,Quartz,0%,flake,Cobble,Complete,Yes,Bulb,Step,Rectangular,Residual grooves on platform,No,24.24mm,7.48mm,Main,23.81mm,21.59mm,32.55mm,31.58mm,8.08mm,8.35g,,
a39,SBF,5A,J3,ORGANIC MANTIS III,Quartz,0%,Flake,Cobble,Complete,Yes,Bulb,Feather,Rectangular,No prepared,No,8.58mm,1.74mm,Main,9.92mm,9.91mm,8.57mm,7.94mm,1.06mm,0.15g,,N
a40,SBF,5A,J3,ORGANIC MANTIS III,Quartz,1-10%,Flake,Cobble,Complete,Yes,Bulb,Feather,Rectangular,Residual grooves on platform,No,6.23mm,1.37mm,Main,9.40mm,9.19mm,6.69mm,6.59mm,1.58mm,0.14g,,Y
a41,SBF,5A,J3,ORGANIC MANTIS III,Quartz,1-10%,Flake,Cobble,Complete,Yes,Bulb,Feather,Triangular,Residual grooves on platform,No,6.83mm,2.12mm,Main,12.41mm,10.64mm,7.94mm,6.41mm,1.96mm,0.19g,,
a42,SBF,5A,J3,ORGANIC MANTIS III,Quartz,1-10%,Flake,Cobble,Complete,Yes,Bulb,Step,Rectangular,Residual grooves on platform,No,4.72mm,1.35mm,Main,14.74mm,14.09mm,8.40mm,8.10mm,2.58mm,0.47g,,N
a43,SBF,5A,J3,ORGANIC MANTIS III,Quartz,1-10%,Flake,Cobble,Complete,Yes,Bulb,Feather,Rectangular,Residual grooves on platform,Yes,2.35mm,0.98mm,Main,11.36mm,10.87mm,7.74mm,7.55mm,2.41mm,0.19g,,N
a44,SBF,5A,J3,ORGANIC MANTIS III,Quartz,0%,Flake,Cobble,Complete,Yes,Bulb,Feather,Triangular,Residual grooves on platform,No,9.37mm,1.57mm,Main,13.65mm,10.32mm,11.32mm,8.85mm,2.29mm,0.36g,,
a45,SBF,5A,J3,ORGANIC MANTIS III,Quartz,0%,Flake,Cobble,Complete,Yes,No bulb,Step,Rhombus,Residual grooves on platform,No,8.37mm,6.37mm,Main,14.83mm,14.65mm,9.56mm,9.40mm,5.67mm,0.90g,,
a46,SBF,5A,J3,ORGANIC MANTIS III,Quartz,1-10%,Flake,Cobble,Complete,Yes,Bulb,Step,Triangular,Residual grooves on platform,No,9.82mm,4.58mm,Main,8.92mm,8.74mm,10.93mm,7.70mm,3.40mm,0.33g,,
a47,SBF,5A,J3,ORGANIC MANTIS III,Quartz,11-40%,Flake,Cobble,Complete,Yes,No bulb,Feather,Rectangular,Residual grooves on platform,No,7.20mm,1.60mm,Main,11.56mm,10.84mm,7.58mm,6.39mm,3.35mm,0.37g,,
a48,SBF,5A,J3,ORGANIC MANTIS III,Quartz,1-10%,Flake,Cobble,Complete,Yes,No bulb,Overshot,Triangular,Residual grooves on platform,No,8.74mm,2.56mm,Main,15.98mm,13.91mm,10.00mm,8.53mm,3.23mm,0.46g,,
a49,SBF,5A,J3,ORGANIC MANTIS III,Quartz,1-10%,Flake,Cobble,Complete,Yes,Bulb,Feather,Triangular,Residual grooves on platform,Indeterminate,9.36mm,2.93mm,Main,7.94mm,7.64mm,9.36mm,7.31mm,2.87mm,0.25g,,
a50,SBF,5A,J3,ORGANIC MANTIS III,Quartz,41-60%,Flake,Cobble,Complete,Yes,No bulb,Feather,Rectangular,Residual grooves on platform,Indeterminate,3.28mm,1.39mm,Main,6.52mm,6.46mm,11.23mm,10.68mm,5.39mm,0.76g,,
a51,SBF,5A,J3,ORGANIC MANTIS III,Quartz,0%,Flake,Cobble,Complete,Yes,Bulb,Feather,Triangular,Residual grooves on platform,Indeterminate,4.84mm,1.37mm,Main,10.97mm,8.34mm,8.86mm,6.75mm,2.08mm,0.21g,,
a52,SBF,5A,J3,ORGANIC MANTIS III,Quartz,0%,Flake,Cobble,Complete,Yes,Bulb,Feather,Trapezoidal,Residual grooves on platform,Yes,8.21mm,4.16mm,Main,8.82mm,8.47mm,8.83mm,8.08mm,3.05mm,0.27g,,
a53,SBF,5A,J3,ORGANIC MANTIS III,Quartz,41-60%,Flake,Cobble,Complete,Yes,No bulb,Step,Rectangular,Residual grooves on platform,Yes,7.41mm,1.55mm,Main,10.11mm,9.06mm,21.16mm,19.41mm,3.50mm,1.38g,,
a54,SBF,5A,J3,ORGANIC MANTIS III,Quartz,0%,Flake,Cobble,Complete,Yes,No bulb,Step,Triangular,Residual grooves on platform,Yes,27.21mm,14.36mm,Main,31.86mm,27.69mm,27.22mm,23.26mm,13.83mm,10.26g,,
a55,SBF,4A,J3,BELOW ROCKFALL(rear),Silcrete,0%,Flake,Cobble,Complete,Yes,No bulb,Feather,Triangular,Residual grooves on platform,Yes,11.39mm,5.09mm,Main,37.20mm,36.75mm,13.00mm,11.89mm,6.37mm,3.47g,,
a56,SBF,4A,J3,BELOW ROCKFALL(rear),Quartz,0%,Flake,Cobble,Complete,Yes,No bulb,Feather,Triangular,Residual grooves on platform,No,4.97mm,4.18mm,Main,19.26mm,17.23mm,12.17mm,9.23mm,4.63mm,0.76g,,
a57,SBF,4A,J3,BELOW ROCKFALL(rear),Quartzite,0%,Flake,Cobble,Complete,Yes,Bulb,Feather,Ovular,Residual grooves on platform,No,4.36mm,2.23mm,Main,17.36mm,17.87mm,11.20mm,10.75mm,4.21mm,0.77g,,
a58,SBF,4A,J3,BELOW ROCKFALL(rear),Quartzite,0%,Flake,Cobble,Complete,Yes,Bulb,Feather,Rectangular,Residual grooves on platform,No,22mm,7.72mm,Main,17.53mm,17.99mm,12.04mm,11.47mm,7.26mm,1.32g,,
a59,SBF,4A,J3,HAWK HEARTH 2,Quartz,0%,Flake,Cobble,Complete,Yes,Bulb,Feather,Kite,Residual grooves on platform,No,7.81mm,2.91mm,Main,9.41mm,7.54mm,15.02mm,13.29mm,3.23mm,0.42g,,
a60,SBF,4A,J3,HAWK HEARTH 2,Quartz,0%,Flake,Cobble,Complete,Yes,Bulb,Feather,Rectangular,Residual grooves on platform,No,8.08mm,8.47mm,Main,14.31mm,12.96mm,13.12mm,7.99mm,4..64mm,0.22g,,
a61,SBF,4A,J3,HAWK HEARTH 2,Quartz,0%,Flake,Cobble,Complete,Yes,Bulb,Feather,Rectangular,Residual grooves on platform,No,3.95mm,0.97mm,Main,11.49mm,10.44mm,5.79mm,5.32mm,2.11mm,0.17g,,
a62,SBF,4A,J3,HAWK HEARTH 2,Quartz,1-10%,Flake,Cobble,Complete,Yes,No bulb,Feather,Rectangular,Residual grooves on platform,No,10.82mm,1.95mm,Min,11.91mm,10.80mm,10.85mm,9.69mm,2.76mm,0.46g,,
a63,SBF,4A,J3,HAWK HEARTH 2,Quartz,0%,Flake,Cobble,Complete,Yes,Bulb,Feather,Rectangular,Residual grooves on platform,No,7.69mm,5.22mm,Main,14.73mm,13.20mm,8.34mm,7.63mm,5.65mm,0.92g,,
a64,SBF,4A,J3,HAWK HEARTH 2,Quartz,0%,Flake,Cobble,Complete,Yes,Bulb,Feather,Rectangular,Residual grooves on platform,No,6.98mm,3.91mm,Main,18.92mm,17.20mm,11.89mm,11.87mm,5.25mm,1.14g,,
a65,SBF,4A,J3,HAWK HEARTH 2,Quartz,0%,Flake,Cobble,Complete,Yes,No bulb,Feather,Rectangular,Residual grooves on platform,Indeterminate,11.84mm,3.79mm,Main,7.68mm,5.93mm,12.88mm,11.61mm,11.16mm,0.30g,,
a66,SBF,4A,J3,HAWK HEARTH 2,Quartz,0%,Flake,Cobble,Complete,Yes,Bulb,Feather,Triangular,Residual grooves on platform,Yes,5.76mm,1.82mm,Main,13.04mm,13.00mm,7.95mm,6.71mm,3.74mm,0.35g,,
a67,SBF,4A,J3,HAWK HEARTH 2,Quartz,0%,Flake,Cobble,Complete,Yes,Bulb,Feather,Circular,Residual grooves on platform,No,4.03mm,1.76mm,Main,8.36mm,7.74mm,8.58mm,8.07mm,2.28mm,0.15g,,
a68,SBF,4A,J4,SAV I,Quartz,1-10%,Flake,Cobble,Complete,Yes,Bulb,Feather,Rectangular,Residual grooves on platform,No,13.16mm,8.55mm,Main,24.91mm,23.94mm,13.97mm,12.13mm,8.64mm,2.67g,,
a69,SBF,4A,J4,SAV I,Quartz,1-10%,Flake,Cobble,Complete,Yes,Bulb,Feather,Trapezoidal,Residual grooves on platform,Yes,7.27mm,2.43mm,Main,10.39mm,9.61mm,14.50mm,11.65mm,2.77mm,0.47g,,
a70,SBF,4A,J4,SAV I,Quartz,1-10%,Flake,Cobble,Complete,Yes,Bulb,Feather,Kite,Residual grooves on platform,Yes,8.47mm,5.63mm,Main,14.33mm,13.72mm,8.47mm,8.58mm,4.26mm,0.59g,,
a71,SBF,4A,J4,SAV I,Quartz,1-10%,Flake,Cobble,Complete,Yes,No bulb,Feather,Trapezoidal,Residual grooves on platform,No,6.42mm,1.97mm,Main,13.35mm,11.43mm,11.02mm,10.90mm,3.43mm,0.54g,,
a72,SBF,4A,J4,SAV I,Quartz,0%,Flake,Cobble,Complete,Yes,Bulb,Feather,Kite,Residual grooves on platform,No,7.41mm,2.06mm,Main,7.25mm,6.80mm,18.36mm,14.58mm,2.58mm,0.30g,,
a73,SBF,4A,J4,SAV I,Other,0%,Flake,Cobble,Complete,Yes,No bulb,Feather,Circular,Residual grooves on platform,Yes,9.82mm,2.86mm,Main,18.18mm,15.20mm,13.21mm,11.94mm,4.56mm,0.94g,,
a74,SBF,4A,J3,FURNACE 2 REAR,Quartz,41-60%,Flake,Cobble,Complete,Yes,Bulb,Feather,Kite,Residual grooves on platform,No,11.93mm,2.43mm,Main,20.41mm,17.45mm,13.02mm,10.46mm,4.00mm,1.05g,,
a75,SBF,4A,J3,FURNACE 2 REAR,Quartz,1-10%,Flake,Cobble,Complete,Yes,Bulb,Overshot,Triangular,Residual grooves on platform,No,9.17mm,3.28mm,Main,11.26mm,10.97mm,10.30mm,8.99mm,3.64mm,0.60g,,
a76,SBF,4A,J3,FURNACE 2 REAR,Quartz,0%,Flake,Cobble,Complete,Yes,Bulb,Feather,Triangular,Residual grooves on platform,No,9.39mm,3.75mm,Main,16.41mm,12.95mm,10.01mm,7.97mm,3.55mm,0.59g,,
a77,SBF,4A,J3,FURNACE 2 REAR,Quartz,0%,Flake,Cobble,Complete,Yes,Bulb,Feather,Rectangular,Residual grooves on platform,No,3.43mm,2.28mm,Main,17.78mm,17.41mm,14.50mm,13.05mm,5.90mm,1.35g,,
a78,SBF,4A,J3,FURNACE 2 REAR,Quartz,0%,Flake,Cobble,Complete,Yes,Bulb,Feather,Triangular,Residual grooves on platform,No,13.71mm,3.67mm,Main,16.83mm,16.59mm,17.35mm,17.01mm,3.95mm,1.51g,,
a79,SBF,4A,J3,FURNACE 2 REAR,Quartz,11-40%,Flake,Cobble,Complete,Yes,Bulb,Feather,Kite,Residual grooves on platform,No,6.30mm,1.73mm,Main,11.35mm,10.70mm,9.66mm,9.19mm,2.82mm,0.46g,,
a80,SBF,4A,J3,FURNACE 2 REAR,Quartz,0%,Flake,Cobble,Complete,Yes,No bulb,Step,Rectangular,No prepared,No,5.30mm,4.32mm,Main,9.38mm,9.01mm,7.37mm,7.30mm,4.86mm,0.52g,,
a81,SBF,4A,J3,FURNACE 2 REAR,Quartz,0%,Flake,Cobble,Complete,Yes,Bulb,Feather,Triangular,Residual grooves on platform,No,15.50mm,9.03mm,Main,21.82mm,20.22mm,17.44mm,16.22mm,7.92mm,2.40g,,
a82,SBF,4A,J3/J4,FURNACE SURFACE,Quartz,0%,Flake,Cobble,Complete,Yes,Bulb,Feather,Triangular,Residual grooves on platform,No,2.20mm,0.91mm,Main,6.64mm,6.38mm,8.84mm,6.91mm,1.81mm,0.13g,,
a83,SBF,4A,J3/J4,FURNACE SURFACE,Quartz,0%,Flake,Cobble,Complete,Yes,Bulb,Feather,Rhombus,Residual grooves on platform,No,6.34mm,8.032mm,Main,13.14mm,10.44mm,7.54mm,7.37mm,6.84mm,0.67g,,
a84,SBF,4A,J3,SAV('burnt'),Quartz,0%,Flake,Cobble,Complete,Yes,Bulb,Feather,Triangular,Residual grooves on platform,No,5.62mm,3.18mm,Main,10.91mm,10.91mm,18.39mm,15.62mm,3.04mm,0.58g,,
a85,SBF,4A,J3,SOFT GREY,Quartz,0%,Flake,Cobble,Complete,Yes,No bulb,Feather,Rectangular,Residual grooves on platform,No,17.67mm,7.35mm,Main,20.78mm,20.64mm,21.47mm,20.23mm,5.91mm,2.92g,,
a86,SBF,4A,J3,SOFT GREY,Quartz,0%,Flake,Cobble,Complete,Yes,Bulb,Feather,Rectangular,Residual grooves on platform,No,6.69mm,5.21mm,Main,18.30mm,16.46mm,9.93mm,8.44mm,3.90mm,0.65g,,
a87,SBF,4A,J3,SOFT GREY,Quartz,0%,Flake,Cobble,Complete,Yes,Bulb,Feather,Rectangular,Residual grooves on platform,No,8.70mm,1.85mm,Main,10.20mm,9.37mm,9.34mm,9.34mm,2.38mm,0.27g,,
a88,SBF,4A,J3,SOFT GREY,Quartz,0%,Flake,Cobble,Complete,Yes,Bulb,Feather,Triangular,Residual grooves on platform,No,9.91mm,4.37mm,Main,28.66mm,24.01mm,11.50mm,11.45mm,4.57mm,1.54g,,
a89,SBF,4A,J3,SOFT GREY,Quartz,61-90%,Flake,Cobble,Complete,Yes,Bulb,Feather,Triangular,Residual grooves on platform,No,18.07mm,5.68mm,Main,19.49mm,19.48mm,18.88mm,15.67mm,4.93mm,1.83g,,
a90,SBF,4A,J4,SAV II,Quartz,0%,Flake,Cobble,Complete,Yes,Bulb,Feather,Trapezoidal,Full grooves through platform,No,15.59mm,4.79mm,Main,12.13mm,10.01mm,15.92mm,14.55mm,4.75mm,0.97g,,
a91,SBF,4A,J4,SAV II,Quartz,0%,Flake,Cobble,Complete,Yes,Bulb,Feather,Trapezoidal,Residual grooves on platform,No,13.04mm,3.55mm,Main,13.57mm,13.57mm,18.41mm,15.84mm,2.46mm,1.06g,,
a92,SBF,4A,J4,SAV II,Quartz,1-10%,Flake,Cobble,Complete,Yes,Bulb,Feather,Triangular,Residual grooves on platform,No,10.20mm,3.30mm,Main,18.18mm,16.56mm,11.29mm,10.85mm,6.68mm,1.67g,,
a93,SBF,4A,J4,SAV II,Quartz,0%,Flake,Cobble,Complete,Yes,Bulb,Step,Circular,Residual grooves on platform,No,3.06mm,2.77mm,Main,12.49mm,11.53mm,11.70mm,9.94mm,5.09mm,0.75g,,
a94,SBF,4A,J4,SAV II,Quartz,0%,Flake,Cobble,Complete,Yes,Bulb,Feather,Rectangular,Full grooves through platform,No,10.68mm,3.95mm,Main,13.98mm,12.88mm,10.70mm,10.01mm,4.38mm,0.82g,,
a95,SBF,4A,J4,SAV II,Quartz,0%,Flake,Cobble,Complete,Yes,Bulb,Feather,Rectangular,Full grooves through platform,No,7.83mm,2.55mm,Main,9.25mm,7.30mm,9.12mm,8.33mm,2.51mm,0.16g,,
a96,SBF,4A,J4,SAV II,Quartz,0%,Flake,Cobble,Complete,Yes,Bulb,Feather,Triangular,Residual grooves on platform,No,3.02mm,1.12mm,Main,11.45mm,10.78mm,9.73mm,8.16mm,2.40mm,0.25g,,
a97,SBF,4A,J4,SAV II,Quartz,0%,Flake,Cobble,Complete,Yes,Bulb,Feather,Rectangular,Full grooves through platform,No,12.22mm,5.69mm,Main,25.02mm,23.21mm,14.63mm,12.85mm,5.94mm,2.09g,,
a98,SBF,4A,J3,LOWER FURNACE (SOMEPHINX),Quartzite,0%,Flake,Cobble,Complete,Yes,Bulb,Feather,Rectangular,Residual grooves on platform,No,6.71mm,2.89mm,Main,18.25mm,17.96mm,30.01mm,29.70mm,7.02mm,3.59g,,
a99,SBF,4A,J3,LOWER FURNACE (SOMEPHINX),Silcrete,1-10%,Flake,Cobble,Complete,Yes,Bulb,Feather,Rectangular,Residual grooves on platform,No,7.63mm,1.51mm,Main,11.87mm,11.26mm,8.74mm,7.18mm,0.83mm,0.13g,,
a100,SBF,4A,J3,LOWER FURNACE (SOMEPHINX),Quartz,0%,Flake,Cobble,Complete,Yes,Bulb,Feather,Rectangular,Residual grooves on platform,No,6.61mm,3.11mm,Main,22.11mm,21.80mm,17.08mm,16.51mm,5.79mm,1.92g,,
a101,SBF,4A,J3,LOWER FURNACE (SOMEPHINX),Quartz,0%,Flake,Cobble,Complete,Yes,Bulb,Feather,Rectangular,Residual grooves on platform,No,7.00mm,2.80mm,Main,20.50mm,19.33mm,12.83mm,12.70mm,5.54mm,1.33g,,
a102,SBF,4A,J3,LOWER FURNACE (SOMEPHINX),Quartz,0%,Flake,Cobble,Complete,Yes,Bulb,Feather,Rectangular,Residual grooves on platform,No,9.13mm,3.70mm,Main,16.88mm,16.55mm,16.30mm,14.62mm,4.35mm,1.31g,,
a103,SBF,4A,J3,LOWER FURNACE (SOMEPHINX),Quartz,0%,Flake,Cobble,Complete,Yes,Bulb,Feather,Rectangular,Residual grooves on platform,No,1.57mm,0.37mm,Main,20.12mm,18.55mm,7.44mm,7.44mm,2.58mm,0.38g,,
a104,SBF,4A,K3,HAWK HEARTH ,Quartz,0%,Flake,Cobble,Complete,Yes,Bulb,Step,Rectangular,Residual grooves on platform,No,7.28mm,2.36mm,Main,8.28mm,7.64mm,9.92mm,9.81mm,2.40mm,0.27g,,
a105,SBF,4A,K3,HAWK HEARTH ,Quartz,0%,Flake,Cobble,Complete,Yes,Bulb,Step,Kite,Residual grooves on platform,No,5.03mm,2.08mm,Main,19.28mm,18.43mm,13.45mm,13.42mm,4.27mm,1.18g,,
a106,SBF,3B,K4,DINOSAUR,Quartzite,0%,Flake,Cobble,Complete,Yes,No bulb,Feather,Rectangular,Residual grooves on platform,No,8.93mm,1.95mm,Main,11.12mm,9.39mm,15.03mm,15.01mm,1.10mm,0.24g,,
a107,SBF,3B,K4,DINOSAUR,Quartzite,0%,Flake,Cobble,Complete,Yes,Bulb,Feather,Triangular,Residual grooves on platform,No,19.89mm,3.99mm,Main,10.95mm,10.27mm,20.58mm,19.28mm,3.79mm,0.71g,,
a108,SBF,3B,K4,DINOSAUR,Quartzite,11-40%,Flake,Cobble,Complete,Yes,Bulb,Overshot,Triangular,Residual grooves on platform,No,12.77mm,5.12mm,Main,24.92mm,24.92mm,13.10mm,9.03mm,2.60mm,1.18g,,
a109,SBF,3B,K4,DINOSAUR,Quartzite,0%,Flake,Cobble,Complete,Yes,Bulb,Feather,Kite,Residual grooves on platform,No,3.40mm,2.09mm,Main,15.54mm,14.44mm,8.29mm,7.59mm,3.72mm,0.40g,,
a110,SBF,3B,K4,DINOSAUR,Quartz,0%,Flake,Cobble,Complete,Yes,No bulb,Feather,Rectangular,Residual grooves on platform,No,6.20mm,1.84mm,Main,8.06mm,7.74mm,6.75mm,6.71mm,1.66mm,0.14gg,,
a111,SBF,3B,K4,DINOSAUR,Quartz,0%,Flake,Cobble,Complete,Yes,Bulb,Feather,Rectangular,Residual grooves on platform,No,9.51mm,2.83mm,Main,10.03mm,8.51mm,9.84mm,10.34mm,9.21mm,0.34g,,
a112,SBF,3B,K5,INTERWIDE,Quartz,0%,Flake,Cobble,Complete,Yes,Bulb,Feather,Kite,Residual grooves on platform,Yes,6.79mm,3.54mm,Main,12.97mm,11.81mm,7.58mm,7.32mm,3.71mm,0.33g,,
a113,SBF,3B,K5,INTERWIDE,Quartz,0%,Flake,Cobble,Complete,Yes,Bulb,Feather,Rectangular,Residual grooves on platform,Yes,5.98mm,2.58mm,Main,12.62mm ,11.67mm,8.82mm,13.27mm,2.77mm,0.31g,,
a114,SBF,3B,K5,VRAH III a,Quartz,1-10%,Flake,Cobble,Complete,Yes,Bulb,Feather,Rectangular,Residual grooves on platform,No,4.85mm,2.45mm,Main,13.60mm,12.84mm,8.03mm,7.37mm,3.32mm,0.41g,,
a115,SBF,3B,K5,VRAH III a,Quartz,0%,Flake,Cobble,Complete,Yes,No bulb,Feather,Ovular,Full grooves through platform,No,8.11mm,6.16mm,Main,11.57mm,9.37mm,11.94mm,9.98mm,3.09mm,0.48g,,
a116,SBF,3B,I4,SAV II(FRESH),Quartz,0%,Flake,Cobble,Complete,Yes,Bulb,Feather,Circular,Residual grooves on platform,No,3.14mm,1.17mm,Main,8.16mm,7.81mm,12.44mm,12.03mm,1.97mm,0.22g,,
a117,SBF,3B,I4,SAV II (FRESH),Quartz,0%,Flake,Cobble,Complete,Yes,Bulb,Feather,Kite,Residual grooves on platform,No,7.83mm,3.75mm,Main,20.75mm,19.09mm,18.77mm,17.70mm,7.30mm,2.41g,,
a118,SBF,3B,I4,SAV(FRESH),Quartz,0%,Flake,Cobble,Complete,Yes,Bulb,Feather,Rectangular,Residual grooves on platform,No,5.45mm,1.65mm,Main,5.43mm,5.29mm,12.35mm,12.16mm,2.57mm,0.20g,,
a119,SBF,3B,I4,SAV(FRESH),Quartz,1-10%,Flake,Cobble,Complete,Yes,Bulb,Feather,Rectangular,Residual grooves on platform,No,9.10mm,3.28mm,Main,20.34mm,18.91mm,17.20mm,11.78mm,3.36mm,1.17g,,
a120,SBF,3B,I4,SAV(FRESH),Quartz,0%,Flake,Cobble,Complete,Yes,Bulb,Feather,Rectangular,Residual grooves on platform,No,3.61mm,2.89mm,Main,12.69mm,12.08mm,5.46mm,4.35mm,3.58mm,0.42g,,
a121,SBF,3B,I4,SAV(FRESH),Quartz,0%,Flake,Cobble,Complete,Yes,Bulb,Feather,Circular,Residual grooves on platform,No,12.69mm,2.87mm,Main,17.70mm,16.66mm,9.57mm,7.89mm,2.46mm,0.62g,,
a122,SBF,3B,I4,SAV(FRESH),Quartz,11-40%,Flake,Cobble,Complete,Yes,Bulb,Overshot,Rectangular,Residual grooves on platform,No,8.88mm,9.08mm,Main,18.75mm,17.54mm,22.49mm,22.24mm,5.84mm,2.89g,,
a123,SBF,3B,I4,SAV(FRESH),Quartz,1-10%,Flake,Cobble,Complete,Yes,Bulb,Step,Kite,Residual grooves on platform,Yes,6.02mm,2.15mm,Main,11.70mm,11.57mm,10.91mm,9.93mm,2.56mm,0.38g,,
a124,SBF,3B,J4,VRAH ,Quartz,11-40%,Flake,Cobble,Complete,Yes,Bulb,Step,Rectangular,Residual grooves on platform,No,9.39mm,2.32mm,Main,25.18mm,18.92mm,23.70mm,23.89mm,5.16mm,2.26g,,
a125,SBF,3B,J4,VRAH ,Quartz,0%,Flake,Cobble,Complete,Yes,Bulb,Feather,Rectangular,Residual grooves on platform,Yes,10.39mm,2.91mm,Main,17.23mm,17.02mm,11.47mm,11.06mm,2.88mm,0.80g,,
a126,SBF,3B,J4,VRAH ,Quartz,0%,Flake,Cobble,Complete,Yes,Bulb,Feather,Rectangular,Residual grooves on platform,No,8.84mm,1.21mm,Main,7.08mm,6.17mm,8.27mm,7.97mm,1.74mm,0.15g,,
a127,SBF,3B,J4,VRAH ,Quartz,0%,Flake,Cobble,Complete,Yes,No bulb,Feather,Rectangular,Residual grooves on platform,No,4.58mm,1.95mm,Main,3.57mm,3.49mm,11.01mm,10.88mm,1.86mm,0.12g,,
a128,SBF,3B,J4,VRAH ,Quartz,0%,Flake,Cobble,Complete,Yes,Bulb,Feather,Triangular,Residual grooves on platform,No,6.50mm,4.49mm,Main,13.30mm,13.24mm,11.09mm,9.17mm,2.84mm,0.56g,,
a129,SBF,3B,J4,VRAH ,Quartz,0%,Flake,Cobble,Complete,Yes,No bulb,Feather,Rectangular,Residual grooves on platform,No,5.58mm,2.62mm,Main,10.33mm,9.73mm,8.75mm,10.28mm,2.09mm,0.31g,,
a130,SBF,3B,J4,VRAH,Quartzite,1-10%,Flake,Cobble,Complete,Yes,Bulb,Feather,Rectangular,Residual grooves on platform,No,17.47mm,5.16mm,Main,9.76mm,8.95mm,17.69mm,16.25mm,5.02mm,0.63g,,
a131,SBF,3B,J4,VRAH,Quartzite,0%,Flake,Cobble,Complete,Yes,No bulb,Feather,Rectangular,Residual grooves on platform,Yes,10.12mm,2.31mm,Main,8.10mm,7.62mm,10.08mm,7.92mm,1.84mm,0.29g,,
a132,SBF,3B,J4,VRAH,OTHER,0%,Flake,Cobble,Complete,Yes,No bulb,Feather,Circular,Residual grooves on platform,Yes,18.99mm,6.46mm,Main,26.96mm,22.36mm,20.70mm,20.25mm,8.47mm,4.09g,,
a133,SBF,3B,J4,POCKET INTRUDER ,Quartz,1-10%,Flake,Cobble,Complete,Yes,Bulb,Feather,Rectangular,Residual grooves on platform,Yes,16.78mm,7.34mm,Main,17.93mm,17.03mm,31.25mm,25.80mm,14.23mm,8.29g,,
a134,SBF,3B,J4,POCKET INTRUDER ,Quartz,0%,Flake,Cobble,Complete,Yes,No bulb,Feather,Rectangular,Residual grooves on platform,No,14.35mm,9.80mm,Main,21.66mm,16.67mm,14.77mm,14.48mm,6.60mm,2.49g,,
a135,SBF,3B,J3,KESTREL I,CCS,0%,Flake,Cobble,Complete,Yes,Bulb,Feather,Kite,Full grooves through platform,No,2.93mm,1.81mm,Main,19.76mm,19.89mm,9.41mm,9.37mm,3.26mm,0.54g,,
a136,SBF,3B,J3,KESTREL I,Quartz,0%,Flake,Cobble,Complete,Yes,Bulb,Feather,Rectangular,Residual grooves on platform,No,5.21mm,1.60mm,Main,21.56mm,21.40mm,11.30mm,10.23mm,11.25mm,0.89g,,
a137,SBF,3B,J3,KESTREL I,Quartz,0%,Flake,Cobble,Complete,Yes,Bulb,Feather,Rectangular,Residual grooves on platform,Yes,11.38mm,4.80mm,Main,33.36mm,28.35mm,17.24mm,15.38mm,9.50mm,4.19g,,
a138,SBF,3B,J3,KESTREL I,Hornfel,1-10%,Flake,Cobble,Complete,Yes,Bulb,Feather,Ovular,Full grooves through platform,Yes,19.28mm,10.06mm,Main,26.89mm,26.38mm,46.19mm,45.42mm,11.15mm,16.95g,,
a139,SBF,3B,J3,KESTREL I,Quartzite,61-90%,Flake,Cobble,Complete,Yes,No bulb,Feather,Kite,Indeterminate,Yes,8.08mm,6.80mm,Main,21.12mm,20.70mm,14.25mm,13.01mm,7.82mm,1.93g,,
a140,SBF,3B,J3,KESTREL I,Quartzite,0%,Flake,Cobble,Complete,Yes,Bulb,Feather,Kite,Indeterminate,No,0.98mm,0.90mm,Main,16.84mm,16.84mm,5.43mm,3.93mm,34.29mm,0.19g,,
a141,SBF,3B,J3,KESTREL I,Hornfel,0%,Flake,Cobble,Complete,Yes,Bulb,Feather,Kite,Indeterminate,Yes,8.73mm,3.53mm,Main,13.73mm,13.52mm,8.48mm,7.33mm,3.56mm,0.28g,,
a142,SBF,3B,J3,KESTREL I,Quartzite,0%,Flake,Cobble,Complete,Yes,No bulb,Feather,Rectangular,Indeterminate,Yes,12.16mm,2.90mm,Main,9.45mm,9.36mm,13.14mm,11.76mm,2.71mm,0.34g,,
a143,SBF,3B,J3,KESTREL I,Quartzite,11-40%,Flake,Cobble,Complete,Yes,Bulb,Overshot,Rectangular,Indeterminate,Yes,15.61mm,5.76mm,Main,18.18mm,15.06mm,22.67mm,17.16mm,5.63mm,2.12g,,
a144,SBF,3B,J3,KESTREL I,Quartzite,61-90%,Flake,Cobble,Complete,Yes,No bulb,Overshot,Rectangular,Indeterminate,No,21.65mm,11.26mm,Main,18.12mm,18.12mm,24.57mm,23.54mm,9.55mm,3.55g,,
a145,SBF,3B,J3,KESTREL I,Quartzite,11-40%,Fragment,Cobble,Indeterminate,No,No bulb,Overshot,Triangular,Indeterminate,Indeterminate,11.54mm,N/A,Main,12.03mm,N/A,14.91mm,13.10mm,11.53mm,9.91g,,
a146,SBF,3B,J3,KESTREL I,Quartz,0%,Flake,Cobble,Complete,Yes,Bulb,Feather,Triangular,Indeterminate,Indeterminate,10.06mm,2.37mm,Main,19.20mm,18.26mm,16.16mm,11.90mm,5.52mm,1.06g,,
a147,SBF,3B,J3,KESTREL I,Quartz,0%,Flake,Cobble,Complete,Yes,Bulb,Feather,Rectangular,Residual grooves on platform,Yes,6.52mm,2.92mm,Main,9.80mm,8.84mm,6.64mm,6.15mm,2.75mm,0.13g,,
a148,SBF,3B,J3,KESTREL I,Quartz,0%,Flake,Cobble,Complete,Yes,No bulb,Feather,Triangular,Residual grooves on platform,Yes,7.24mm,3.30mm,Main,13.21mm,13.31mm,9.31mm,9.29mm,4.26mm,0.45g,,
a149,SBF,3B,J3,KESTREL I,Quartz,0%,Flake,Cobble,Complete,Yes,Bulb,Feather,Triangular,Residual grooves on platform,Yes,4.89mm,1.27mm,Main,8.42mm,8.31mm,10.69mm,8.95mm,2.76mm,0.22g,,
a150,SBF,3B,J3,KESTREL I,Quartz,0%,Flake,Cobble,Complete,Yes,Bulb,Feather,Triangular,Residual grooves on platform,Yes,7.71mm,2.00mm,Main,7.71mm,7.02mm,11.69mm,9.68mm,1.90mm,0.13g,,
a151,SBF,3B,J3,KESTREL I,Quartz,0%,Flake,Cobble,Complete,Yes,No bulb,Feather,Rectangular,Residual grooves on platform,No,7.00mm,3.26mm,Main,9.59mm,8.82mm,7.78mm,7.78mm,3.20mm,2.25g,,
a152,SBF,3B,J3,KESTREL I,Quartz,0%,Flake,Cobble,Complete,Yes,Bulb,Feather,Rectangular,Indeterminate,Yes,8.50mm,7.85mm,Main,16.67mm,16.33mm,8.84mm,7.61mm,7.49mm,0.96g,,
a153,SBF,3B,J3,KESTREL I,Quartz,0%,Flake,Cobble,Complete,Yes,Bulb,Feather,Rectangular,Indeterminate,No,9.17mm,2.69mm,Main,13.07mm,12.53mm,9.25mm,8.46mm,2.65mm,0.32g,,
a154,SBF,3B,J3,KESTREL I,Quartz,0%,Flake,Cobble,Complete,Yes,Bulb,Feather,Ovular,Residual grooves on platform,Indeterminate,10.36mm,5.85mm,Main,18.90mm,14.29mm,12.08mm,10.34mm,6.34mm,1.30g,,
a155,SBF,3B,J3,KESTREL I,Quartz,0%,Flake,Cobble,Complete,Yes,No bulb,Feather,Triangular,Indeterminate,No,13.40mm,6.40mm,Main,18.10mm,14.01mm,12.72mm,10.59mm,4.94mm,1.12g,,
a156,SBF,3B,J3,KESTREL I,Quartz,1-10%,Flake,Cobble,Complete,Yes,No bulb,Feather,Rectangular,Residual grooves on platform,No,9.67mm,3.28mm,Main,7.97mm,7.38mm,9.23mm,9.05mm,2.75mm,0.25g,,
a157,SBF,3B,J3,KESTREL I,Quartz,0%,Flake,Cobble,Complete,Yes,Bulb,Feather,Rectangular,Residual grooves on platform,No,18.54mm,7.21mm,Main,18.78mm,16.58mm,18.50mm,17.29mm,6.77mm,2.35g,,
a158,SBF,3B,J3,KESTREL I,Quartz,0%,Flake,Cobble,Complete,Yes,Bulb,Feather,Kite,Indeterminate,Yes,4.75mm,3.66mm,Main,10.55mm,10.55mm,7.76mm,5.90mm,3.94mm,0.31g,,
a159,SBF,3B,J3,KESTREL I,Quartz,11-40%,Flake,Cobble,Complete,Yes,No bulb,Overshot,Rectangular,Indeterminate,Indeterminate,14.39mm,10.49mm,Main,13.94mm,12.89mm,15.11mm,13.42mm,5.71mm,1.66g,,
a160,SBF,3B,J3/J4,RIDDLE,Quartz,0%,Flake,Cobble,Complete,Yes,No bulb,Feather,Kite,Residual grooves on platform,Indeterminate,3.98mm,0.83mm,Main,12.13mm,11.79mm,8.69mm,8.69mm,2.33mm,0.16g,,
a161,SBF,3B,J3/J4,RIDDLE,Quartz,1-10%,Flake,Cobble,Complete,Yes,No bulb,Overshot,Triangular,Residual grooves on platform,No,11.64mm,7.66mm,Main,22.22mm,23.69mm,12.19mm,10.95mm,9.54mm,2.34g,,
a162,SBF,3B,J4,MIDDLE INTRUDER,Quartz,0%,Flake,Cobble,Complete,Yes,Bulb,Feather,Triangular,Indeterminate,No,6.10mm,0.81mm,Main,11.91mm,10.60mm,7.27mm,6.42mm,1.50mm,0.15g,,
a163,SBF,3B,J4,MIDDLE INTRUDER,Quartz,0%,Flake,Cobble,Complete,Yes,Bulb,Feather,Rectangular,Indeterminate,No,9.84mm,2.80mm,Main,15.21mm,14.42mm,12.12mm,11.69mm,2.56mm,0.63g,,
a164,SBF,3B,J3,SAV II,Quartz,0%,Flake,Cobble,Complete,Yes,Bulb,Feather,Kite,Residual grooves on platform,Yes,9.33mm,3.85mm,Main,12.51mm,12.32mm,13.11mm,12.28mm,4.71mm,00.85g,,
a165,SBF,3B,J3,SAV II,Quartz,0%,Flake,Cobble,Complete,Yes,Bulb,Feather,Rectangular,Residual grooves on platform,Yes,19.53mm,5.10mm,Main,28.35mm,28.07mm,21.27mm,21.14mm,3.88mm,3.85g,,
a166,SBF,3B,J3,SAV II,Quartz,0%,Flake,Cobble,Complete,Yes,Bulb,Feather,Rectangular,Residual grooves on platform,Yes,7.62mm,3.38mm,Main,15.46mm,15.03mm,10.88mm,10.39mm,2.97mm,0.66g,,
a167,SBF,3B,J3,SAV II,Quartz,0%,Flake,Cobble,Complete,Yes,Bulb,Feather,Rectangular,Residual grooves on platform,Indeterminate,11.27mm,2.40mm,Main,13.66mm,8.06mm,11.45mm,11.23mm,2.88mm,0.38g,,
a168,SBF,3B,K4,CHIMERA,Quartz,0%,Flake,Cobble,Complete,Yes,Bulb,Feather,Rectangular,Residual grooves on platform,Indeterminate,7.42mm,2.44mm,Main,6.98mm,5.66mm,9.77mm,8.88mm,2.44mm,0.18g,,
a169,SBF,3B,K4,CHIMERA,Silcrete,0%,Flake,Cobble,Complete,Yes,Bulb,Feather,Triangular,Residual grooves on platform,Indeterminate,9.42mm,1.77mm,Main,8.09mm,8.00mm,13.26mm,13.01mm,1.89mm,0.19g,,
a170,SBF,3B,K4,CHIMERA,Quartzite,0%,Flake,Cobble,Complete,Yes,No bulb,Feather,Rhombus,Residual grooves on platform,Indeterminate,8.76mm,11.39mm,Main,32.84mm,30.05mm,17.77mm,15.92mm,12.27mm,5.89g,,
a171,SBF,3B,K4,CHIMERA,Quartzite,0%,Flake,Cobble,Complete,Yes,No bulb,Feather,Triangular,Residual grooves on platform,Indeterminate,6.96mm,2.25mm,Main,10.48mm,7.83mm,15.45mm,11.61mm,2.53mm,0.44g,,
a172,SBF,3B,K4,CHIMERA,CCS,0%,Flake,Cobble,Complete,Yes,Bulb,Feather,Rectangular,Residual grooves on platform,Indeterminate,11.05mm,3.62mm,Main,11.09mm,10.31mm,12.96mm,11.74mm,2.53mm,0.53g,,
a173,SBF,3B,J3,SAV III,Quartz,0%,Flake,Cobble,Complete,Yes,Bulb,Feather,Rectangular,Residual grooves on platform,Yes,7.67mm,3.54mm,Main,17.34mm,16.41mm,13.90mm,11.79mm,4.99mm,1.06g,,
a174,SBF,3B,J3,SAV III,Quartz,1-10%,Flake,Cobble,Complete,Yes,Bulb,Overshot,Rectangular,Residual grooves on platform,No,13.98mm,5.75mm,Main,20.18mm,16.58mm,17.02mm,15.77mm,6.51mm,2.20g,,
a175,SBF,3B,J3,SAV III,Quartz,0%,Flake,Cobble,Complete,Yes,Bulb,Overshot,Rectangular,Residual grooves on platform,Indeterminate,6.71mm,2.31mm,Main,14.14mm,12.73mm,9.23mm,9.01mm,4.64mm,0.62g,,
a176,SBF,3B,J4,VEG RICH AROUND HEARTH III b,Quartz,0%,Flake,Cobble,Complete,Yes,Bulb,Feather,Triangular,Residual grooves on platform,No,6.34mm,1.47mm,Main,11.87mm,11.57mm,7.72mm,7.22mm,2.06mm,0.22g,,
a177,SBF,3B,J4,VEG RICH AROUND HEARTH III b,Quartz,0%,Flake,Cobble,Complete,Yes,No bulb,Step,Rhombus,Residual grooves on platform,No,4.40mm,6.65mm,Main,21.79mm,21.19mm,9.95mm,8.26mm,7.02mm,1.50g,,
a178,SBF,3B,J4,VEG RICH AROUND HEARTH III b,Quartz,0%,Flake,Cobble,Complete,Yes,Bulb,Feather,Triangular,Residual grooves on platform,No,24.51mm,7.79mm,Main,20.17mm,19.82mm,25.61mm,22.07mm,6.82mm,3.58g,,
a179,SBF,3B,J4,VEG RICH AROUND HEARTH III b,Quartzite,0%,Flake,Cobble,Complete,Yes,Bulb,Step,Triangular,Residual grooves on platform,No,11.31mm,3.30mm,Main,13.14mm,12.48mm,15.91mm,15.92mm,3.98mm,0.85g,,
a180,SBF,3B,K4,SLUG,Quartz,0%,Flake,Cobble,Complete,Yes,No bulb,Feather,Triangular,Residual grooves on platform,Indeterminate,4.50mm,3.61mm,Main,10.21mm,9.26mm,6.22mm,5.91mm,5.51mm,0.26g,,
a181,SBF,3B,K4,SLUG,Hornfel,0%,Flake,Cobble,Complete,Yes,No bulb,Feather,Triangular,Residual grooves on platform,Yes,15.12mm,5.87mm,Main,11.18mm,11.15mm,14.54mm,10.44mm,4.00mm,0.79g,,
a182,SBF,3B,J4,SAVI ('fresh'),Quartzite,0%,Flake,Cobble,Complete,Yes,No bulb,Feather,Triangular,Residual grooves on platform,No,4.46mm,1.68mm,Main,8.17mm,7.37mm,9.30mm,6.50mm,1.32mm,0.10g,,
a183,SBF,3B,J4,SAVI ('fresh'),Quartz,0%,Flake,Cobble,Indeterminate,No,Bulb,Feather,Rectangular,Indeterminate,Indeterminate,N/A,N/A,Main,16.02mm,N/A,12.16mm,N/A,3.06mm,0.50g,,
a184,SBF,3B,J4,SAVI ('fresh'),Quartz,0%,Flake,Cobble,Complete,Yes,Bulb,Feather,Rectangular,Residual grooves on platform,No,9.56mm,3.51mm,Main,15.93mm,15.85mm,10.27mm,10.13mm,4.08mm,0.78g,,
a185,SBF,3B,J4,SAVI ('fresh'),Quartz,0%,Flake,Cobble,Complete,Yes,Bulb,Feather,Rectangular,Full grooves through platform,Yes,10.01mm,4.13mm,Main,22.30mm,19.75mm,11.81mm,10.44mm,9.95mm,1.34g,,
a186,SBF,3B,J4,SAVI ('fresh'),Quartz,0%,Flake,Cobble,Complete,Yes,Bulb,Feather,Rectangular,Residual grooves on platform,Yes,7.62mm,7.30mm,Main,13.33mm,13.16mm,9.07mm,8.42mm,5.89mm,0.65g,,
a187,SBF,3B,J4,SAVI ('fresh'),Quartz,1-10%,Flake,Cobble,Complete,Yes,Bulb,Feather,Circular,Residual grooves on platform,Yes,7.35mm,2.73mm,Main,13.10mm,10.81mm,11.97mm,11.67mm,2.08mm,0.37g,,
a188,SBF,3B,J4,SAVI ('fresh'),Quartz,1-10%,Flake,Cobble,Complete,Yes,Bulb,Feather,Triangular,Residual grooves on platform,No,7.26mm,2.32mm,Main,11.44mm,10.48mm,8.56mm,7.83mm,1.56mm,0.18g,,
a189,SBF,3B,J4,SAVI ('fresh'),Quartz,0%,Flake,Cobble,Complete,Yes,Bulb,Feather,Rectangular,Residual grooves on platform,No,7.18mm,2.42mm,Main,15.19mm,14.40mm,11.48mm,10.52mm,2.77mm,0.71g,,
a190,SBF,3B,J4,SAVI ('fresh'),Quartz,0%,Flake,Cobble,Complete,Yes,Bulb,Feather,Rectangular,Residual grooves on platform,No,14.57mm,3.13mm,Main,"18,67mm",17.05mm,14.67mm,13.29mm,4.69mm,1.50g,,
a191,SBF,3B,J4,SAVI ('fresh'),Quartz,11-40%,Flake,Cobble,Indeterminate,No,Bulb,Step,Rhombus,Indeterminate,Indeterminate,N/A,N/A,Main,19.59mm,N/A,5.29mm,4.72mm,5.39mm,0.70g,,
a192,SBF,3B,J4,SAVI ('fresh'),Quartz,0%,Flake,Cobble,Complete,Yes,Bulb,Feather,Circular,Residual grooves on platform,No,8.92mm,5.39mm,Main,14.05mm,14.02mm,15.11mm,15.30mm,7.50mm,1.43g,,
a193,SBF,3B,J4,SAVI ('fresh'),Quartz,41-60%,Flake,Cobble,Complete,Yes,Bulb,Feather,Triangular,Residual grooves on platform,No,13.44mm,3.71mm,Main,11.74mm,9.76mm,15.08mm,15.01mm,3.46mm,0.53g,,
a194,SBF,3B,J4,SAVI ('fresh'),Quartz,0%,Flake,Cobble,Indeterminate,No,Bulb,Feather,Trapezoidal,Indeterminate,Indeterminate,5.97mm,3.23mm,Main,12.33mm,11.58mm,9.19mm,7.76mm,5.41mm,0.48g,,
a195,SBF,3B,J4,SAVI ('fresh'),Quartz,0%,Flake,Cobble,Complete,Yes,Bulb,Step,Rhombus,Residual grooves on platform,No,7.70mm,5.13mm,Main,11.95mm,9.97mm,22.10mm,21.22mm,5.50mm,1.34g,,
a196,SBF,3B,J4,SAVI ('fresh'),Quartz,0%,Flake,Cobble,Complete,Yes,Bulb,Feather,Rectangular,Residual grooves on platform,Yes,5.30mm,3.50mm,Main,11.69mm,9.59mm,5.63mm,4.40mm,1.97mm,0.13g,,
a197,SBF,3B,J4,SAVI ('fresh'),Quartz,0%,Flake,Cobble,Complete,Yes,Bulb,Feather,Triangular,Residual grooves on platform,Yes,6.61mm,3.81mm,Main,11.07mm,10.06mm,6.69mm,5.14mm,3.23mm,0.24g,,
a198,SBF,3B,J4,SAVI ('fresh'),Quartz,0%,Flake,Cobble,Complete,Yes,Bulb,Feather,Circular,Residual grooves on platform,No,11.23mm,2.68mm,Main,16.40mm,15.51mm,15.47mm,14.25mm,2.92mm,0.61g,,
a199,SBF,3B,J4,SAVI ('fresh'),Quartz,1-10%,Flake,Cobble,Indeterminate,No,No bulb,Step,Circular,Indeterminate,Indeterminate,N/A,N/A,Main,14.71mm,N/A,15.74mm,N/A,11.91mm,3.82g,,
a200,SBF,3B,J4,SAVI ('fresh'),Quartz,1-10%,Flake,Cobble,Complete,Yes,Bulb,Feather,Triangular,Residual grooves on platform,Yes,15.61mm,9.51mm,Main,21.11mm,18.21mm,17.03mm,13.94mm,5.74mm,2.37g,,
a201,SBF,3B,J4,VRAH III ,Quartz,11-40%,Flake,Cobble,Complete,Yes,Bulb,Step,Triangular,Indeterminate,Indeterminate,10.15mm,5.11mm,Main,23.27mm,15.15mm,18.83mm,11.38mm,10.74mm,3.34g,,
a202,SBF,3B,J4,VRAH III ,Quartz,0%,Flake,Cobble,Complete,Yes,Bulb,Feather,Rectangular,Residual grooves on platform,No,5.67mm,2.34mm,Main,13.92mm,13.15mm,7.87mm,6.55mm,3.51mm,0.42g,,
a203,SBF,3B,J4,VRAH III ,Quartz,0%,Flake/Blade,Cobble,Complete,Yes,Bulb,Feather,Ovular,Residual grooves on platform,No,3.53mm,2.11mm,Main,12.55mm,12.43mm,8.15mm,8.08mm,2.81mm,0.33g,,
a204,SBF,4B,J3,HEARTH BELOW BWA,Quartz,0%,Flake,Cobble,Complete,No,Bulb,Feather,Ovular,Indeterminate,Indeterminate,4.21mm,1.21mm,Main,10.46mm,9.80mm,7.38mm,6.25mm,2.88mm,0.17g,,
a205,SBF,4B,J3,HEARTH BELOW BWA,Silcrete,0%,Flake,Cobble,Complete,Yes,Bulb,Feather,Circular,Indeterminate,Indeterminate,2.96mm,1.58mm,Main,34.67mm,33.93mm,33.28mm,31.70mm,10.94mm,14.46g,,
a206,SBF,4B,J3,GEN.BWA(upper) ,Quartz,0%,Flake,Cobble,Complete,Yes,Bulb,Feather,Triangular,Residual grooves on platform,No,9.69mm,4.04mm,Main,15.41mm,12.66mm,19.38mm,13.56mm,4.20mm,1.08g,,
a207,SBF,4B,J3,GEN.BWA(upper) ,Quartz,11-40%,Flake,Cobble,Complete,Yes,Bulb,Feather,Circular,Residual grooves on platform,No,6.78mm,1.51mm,Main,19.84mm,18.69mm,16.14mm,16.03mm,2.69mm,"1,37g",,
a208,SBF,4B,J3,GEN.BWA(upper) ,Quartz,1-10%,Flake,Cobble,Complete,Yes,Bulb,Feather,Triangular,Full grooves through platform,No,4.57mm,1.54mm,Main,14.30mm,12.19mm,11.24mm,8.75mm,2.71mm,0.35g,,
a209,SBF,4B,J3,GEN.BWA(upper) ,Quartz,0%,Flake,Cobble,Complete,Yes,Bulb,Feather,Rectangular,Residual grooves on platform,No,12.58mm,6.07mm,Main,34.66mm,32.44mm,15.65mm,13.99mm,8.80mm,4.19g,,
a210,SBF,4B,J3,GEN.BWA(upper) ,Quartz,0%,Flake,Cobble,Complete,Yes,Bulb,Feather,Rectangular,Full grooves through platform,No,15.52mm,5.17mm,Main,12.19mm,11.82mm,15.79mm,15.53mm,4.08mm,0.98g,,
a211,SBF,4B,J3,GEN.BWA(upper) ,Quartz,0%,Flake,Cobble,Complete,Yes,Bulb,Feather,Rectangular,Residual grooves on platform,No,10.58mm,4.96mm,Main,20.86mm,19.35mm,13.59mm,12.55mm,4.99mm,0.71g,,
a212,SBF,4B,J3,GEN.BWA(upper) ,Quartz,0%,Flake,Cobble,Complete,Yes,Bulb,Feather,Rectangular,Residual grooves on platform,No,9.07mm,2.53mm,Main,12.36mm,11.69mm,12.55mm,11.16mm,2.36mm,0.35g,,
a213,SBF,4B,J3,POSY,Quartz,0%,Flake,Cobble,Complete,Yes,Bulb,Feather,Triangular,Residual grooves on platform,No,1.94mm,1.02mm,Main,11.73mm,9.62mm,7.79mm,6.44mm,0.79mm,0.06g,,
a214,SBF,4B,J3,POSY,Quartzite,0%,Flake,Cobble,Complete,Yes,Bulb,Feather,Triangular,Residual grooves on platform,No,4.88mm,4.45mm,Main,18.55mm,16.50mm,12.40mm,9.04mm,3.63mm,0.63g,,
a215,SBF,4B,J3,BASE OF FURNACE,Quartz,0%,Flake,Cobble,Complete,Yes,Bulb,Feather,Rectangular,Residual grooves on platform,No,7.52mm,3.75mm,Main,13.30mm,13.73mm,21.68mm,20.25mm,3.87mm,1.47g,,
a216,SBF,4B,J3,BASE OF FURNACE,Quartz,0%,Flake,Cobble,Complete,Yes,Bulb,Feather,Rectangular,Residual grooves on platform,No,1.40mm,3.14mm,Main,10.75mm,10.62mm,3.48mm,2.73mm,2.87mm,0.07g,,
a217,SBF,4B,J3,BASE OF FURNACE ,Quartzite,11-40%,Flake,Cobble,Complete,Yes,Bulb,Feather,Triangular,Residual grooves on platform,No,18.46mm,6.32mm,Main,51.79mm,47.94mm,24.03mm,21.02mm,9.21mm,11.16g,,
a218,SBF,4B,J3,POSY(rear),Quartzite,0%,Flake,Cobble,Complete,Yes,Bulb,Feather,Kite,Residual grooves on platform,Yes,12.61mm,6.72mm,Main,27.77mm,25.41mm,25.15mm,24.86mm,7.94mm,5.00g,,
a219,SBF,4B,J3,POSY(rear),Quartz,0%,Flake,Cobble,Complete,Yes,Bulb,Feather,Kite,Residual grooves on platform,No,11.87mm,3.12mm,Main,10.86mm,9.34mm,11.77mm,10.78mm,2.26mm,0.38g,,
a220,SBF,4B,J3,POSY(rear),Quartz,41-60%,Flake,Cobble,Complete,Yes,No bulb,Step,Rectangular,Indeterminate,Indeterminate,19.22mm,12.10mm,Main,15.89mm,12.79mm,35.01mm,34.69mm,12.56mm,6.62g,,
a221,SBF,4B,K3,REMAINS,Silcrete,0%,Flake,Cobble,Complete,Yes,Bulb,Feather,Rectangular,Residual grooves on platform,Yes,9.61mm,2.12mm,Main,21.75mm,16.56mm,12.21mm,10.41mm,12.22mm,070g,,
a222,SBF,4B,K3,REMAINS,Quartz,0%,Flake,Cobble,Complete,Yes,Bulb,Feather,Triangular,Residual grooves on platform,Yes,9.20mm,2.62mm,Main,16.99mm,16.62mm,14.00mm,13.70mm,5.10mm,1.26g,,
a223,SBF,4B,K3,REMAINS,Quartz,0%,Flake,Cobble,Complete,Yes,Bulb,Feather,Rectangular,Residual grooves on platform,Indeterminate,6.28mm,1.27mm,Main,9.86mm,9.44mm,9.13mm,8.55mm,2.45mm,"0,20g",,
a224,SBF,4B,K3,REMAINS,Quartz,1-10%,Flake,Cobble,Complete,Yes,Bulb,Feather,Rectangular,Residual grooves on platform,Indeterminate,4.50mm,3.16mm,Main,15.46mm,12.84mm,10.30mm,8.17mm,3.05mm,0.50g,,
a225,SBF,4B,K4,BLACK LENS,Quartz,0%,Flake,Cobble,Complete,Yes,Bulb,Feather,Triangular,Residual grooves on platform,No,3.61mm,1.58mm,Main,9.23mm,9.31mm,9.48mm,8.50mm,1.59mm,0.15g,,
a226,SBF,4B,J3,ABOVE DODO 2,Quartz,41-60%,Flake,Cobble,Complete,Yes,Bulb,Feather,Circular,Residual grooves on platform,No,11.04mm,6.32mm,Main,19.98mm,19.91mm,17.92mm,15.07mm,5.09mm,1.81g,,
a227,SBF,4B,J3,ABOVE DODO 2,Quartz,0%,Flake,Cobble,Complete,Yes,No bulb,Feather,Rectangular,Indeterminate,Indeterminate,6.81mm,1.61mm,Main,18.95mm,17.14mm,11.15mm,9.92mm,1.88mm,0.44g,,
a228,SBF,4B,J3,ABOVE DODO 2,Quartz,1-10%,Flake,Cobble,Complete,Yes,Bulb,Feather,Trapezoidal,Residual grooves on platform,No,14.55mm,6.11mm,Main,14.05mm,12.38mm,15.48mm,12.67mm,5.67mm,1.34g,,
a229,SBF,4B,I3,CHEEKY 2,Quartz,0%,Flake,Cobble,Complete,Yes,Bulb,Feather,Triangular,Indeterminate,No,7.44mm,2.02mm,Main,9.90mm,9.83mm,8.00mm,6.97mm,2.89mm,0.20g,,
a230,SBF,4B,I3,CHEEKY 2,Quartz,0%,Flake,Cobble,Complete,Yes,Bulb,Step,Triangular,Indeterminate,No,4.34mm,3.51mm,Main,9.64mm,9.55mm,4.52mm,3.36mm,2.76mm,0.13g,,
a231,SBF,4B,I3,PARTING,Quartzite,0%,Flake,Cobble,Complete,Yes,Bulb,Feather,Circular,Residual grooves on platform,No,8.84mm,2.89mm,Main,19.19mm,16.97mm,18.39mm,17.50mm,3.75mm,1.24g,,
a232,SBF,4B,I3,SHAMAN,Quartz,0%,Flake,Cobble,Complete,Yes,Bulb,Feather,Triangular,Residual grooves on platform,No,9.22mm,6.69mm,Main,15.30mm,15.01mm,9.29mm,8.06mm,5.59mm,0.81g,,
a233,SBF,4B,J3,VEG SHAMAN,Quartzite,0%,Flake,Cobble,Complete,Yes,Bulb,Feather,Rectangular,Indeterminate,No,14.77mm,4.45mm,Main,9.65mm,8.81mm,15.46mm,14.19mm,15.49mm,0.58g,,
a234,SBF,4B,I3,PIT ASH II,Quartzite,0%,Flake,Cobble,Complete,Yes,Bulb,Feather,Triangular,Indeterminate,No,9.59mm,1.12mm,Main,6.61mm,6.16mm,9.56mm,8.22mm,6.64mm,0.07g,,
a235,SBF,4B,J3,TOP SHAMAN,Quartz,0%,Flake,Cobble,Complete,Yes,Bulb,Feather,Rectangular,Full grooves through platform,No,15.07mm,7.99mm,Main,45.45mm,41.27mm,32.30mm,31.13mm,9.02mm,13.03g,,
a236,SBF,4B,I4,ABOVE PALE,Quartz,0%,Flake,Cobble,Complete,Yes,Bulb,Feather,Rectangular,Residual grooves on platform,No,7.9mm,1.74mm,Main,16.21mm,15.31mm,12.19mm,8.68mm,3.69mm,0.67g,,
a237,SBF,4B,I4,LIGHT ASH,Silcrete,0%,Flake,Cobble,Complete,Yes,Bulb,Feather,Rectangular,Residual grooves on platform,No,5.00mm,"2,52mm",Main,14.39mm,12.88mm,6.17mm,6.02mm,2.19mm,0.23g,,
a238,SBF,4B,I4,GREY PIT,Silcrete,0%,Flake,Cobble,Complete,Yes,Bulb,Feather,Rectangular,Residual grooves on platform,No,6.30mm,2.73mm,Main,19.03mm,12.48mm,9.21mm,7.23mm,4.61mm,0.80g,,
a239,SBF,4B,I4,ABOVE PALE,Quartzite,0%,Flake,Cobble,Complete,Yes,Bulb,Feather,Rectangular,Residual grooves on platform,No,6.39mm,2.02mm,Main,23.85mm,23.24mm,11.31mm,9.64mm,5.60mm,1.38g,,
a240,SBF,4B,I4,ABOVE PALE,Quartz,0%,Flake,Cobble,Complete,Yes,Bulb,Feather,Triangular,Residual grooves on platform,No,4.03mm,2.24mm,Main,8.43mm,8.28mm,4.91mm,4.49mm,2.49mm,0.10g,,
a241,SBF,4B,I4,ABOVE PALE,Quartz,0%,Flake,Cobble,Complete,Yes,Bulb,Feather,Rectangular,Residual grooves on platform,No,7.76mm,5.06mm,Main,17.40mm,16.69mm,15.36mm,15.23mm,6.69mm,1.33g,,
a242,SBF,4B,I4,ABOVE PALE,Quartz,0%,Flake,Cobble,Complete,Yes,Bulb,Feather,Triangular,Residual grooves on platform,No,15.00mm,7.86mm,Main,18.36mm,16.41mm,14.92mm,14.84mm,7.88mm,2.24g,,
a243,SBF,4B,I3,WALL REMAINS,Silcrete ,0%,Flake,Cobble,Complete,Yes,Bulb,Feather,Triangular,Residual grooves on platform,No,26.12mm,18.80mm,Main,31.43mm,26.36mm,27.88mm,25.07mm,16.19mm,9.37g,,
a244,SBF,4B,I3,WALL REMAINS,Silcrete,0%,Flake,Cobble,Complete,Yes,Bulb,Feather,Rectangular,No prepared,No,10.17mm,5.32mm,Main,18.59mm,18.33mm,9.78mm,8.54mm,4.29mm,0.67g,,
a245,SBF,4B,I3,WALL REMAINS,Quartz,0%,Flake,Cobble,Complete,Yes,Bulb,Feather,Rectangular,Residual grooves on platform,No,6.34mm,1.79mm,Main,10.36mm,6.29mm,7.92mm,6.40mm,2.40mm,0.15g,,
a246,SBF,4B,I3,WALL REMAINS,Quartz,0%,Flake,Cobble,Complete,Yes,Bulb,Feather,Rectangular,Residual grooves on platform,No,9.96mm,1.71mm,Main,15.92mm,12.07mm,16.46mm,8.34mm,2.29mm,0.46g,,
a247,SBF,4B,I3,WALL REMAINS,Quartz,0%,Flake,Cobble,Complete,Yes,Bulb,Feather,Rectangular,Residual grooves on platform,No,11.07mm,6.35mm,Main,15.07mm,15.50mm,14.26mm,13.55mm,4.70mm,1.26g,,
a248,SBF,4B,I3,WALL REMAINS,CCS,0%,Flake,Cobble,Complete,Yes,Bulb,Feather,Triangular,Residual grooves on platform,No,10.37mm,4.06mm,Main,14.43mm,13.58mm,10.38mm,8.47mm,4.60mm,0.60g,,
a249,SBF,4B,I3,WALL REMAINS,CCS,0%,Flake,Cobble,Complete,Yes,Bulb,Feather,Triangular,Residual grooves on platform,No,9.43mm,2.63mm,Main,22.11mm,17.28mm,21.68mm,12.90mm,3.12mm,1.73g,,
a250,SBF,4B,I3,WALL REMAINS,Quartz,0%,Flake,Cobble,Complete,Yes,Bulb,Feather,Triangular,Residual grooves on platform,No,3.16mm,1.51mm,Main,12.94mm,12.92mm,9.24mm,8.14mm,2.55mm,0.28g,,
a251,SBF,4B,J3,FIRE SANDS,Quartz,0%,Flake,Cobble,Complete,Yes,Bulb,Feather,Triangular,Residual grooves on platform,Yes,24.92mm,10.29mm,Main,37.09mm,31.36mm,24.75mm,22.31mm,12.49mm,11.36g,,
a252,SBF,4B,J3,FIRE SANDS,Quartz,0%,Flake,Cobble,Complete,Yes,Bulb,Feather,Kite,Residual grooves on platform,No,2.66mm,1.72mm,Main,11.64mm,11.60mm,7.33mm,6.52mm,2.26mm,0.22g,,
a253,SBF,4B,J3,FIRE SANDS,Quartzite,0%,Flake,Cobble,Complete,Yes,No bulb,Feather,Triangular,Residual grooves on platform,No,21.24mm,8.71mm,Main,19.80mm,15.48mm,24.79mm,18.89mm,7.86mm,3.92g,,
a254,SBF,4A,I4,SAV I,Silcrete,0%,Flake,Cobble,Complete,Yes,Bulb,Feather,Ovular,Residual grooves on platform,No,5.42mm,1.48mm,Main,23.39mm,21.81mm,28.96mm,28.83mm,2.72mm,1.88g,,
a255,SBF,4A,I4,SAV I,Quartzite,0%,Flake,Cobble,Complete,Yes,Bulb,Feather,Kite,Residual grooves on platform,No,8.90mm,24.61mm,Main,24.36mm,23.54mm,16.93mm,13.43mm,4.52mm,2.07g,,
a256,SBF,4A,I4,SAV I,Quartzite,0%,Flake,Cobble,Complete,Yes,Bulb,Feather,Kite,Residual grooves on platform,No,2.97mm,0.90mm,Main,11.99mm,11.12mm,9.41mm,7.51mm,1.22mm,0.13g,,
a257,SBF,4A,I4,SAV I,Quartzite,0%,Flake,Cobble,Complete,Yes,Bulb,Feather,Rectangular,Residual grooves on platform,No,4.26mm,8.62mm,Main,16.07mm,14.98mm,13.27mm,12.23mm,3.04mm,0.83g,,
a258,SBF,4A,I4,SAV I,Quartz,0%,Flake,Cobble,Complete,Yes,Bulb,Feather,Triangular,Residual grooves on platform,No,6.17mm,3.04mm,Main,17.70mm,16.40mm,6.41mm,6.22mm,3.60mm,0.29g,,
a259,SBF,4A,I4,SAV I,Quartz,0%,Flake,Cobble,Complete,Yes,Bulb,Feather,Triangular,Residual grooves on platform,No,8.19mm,3.18mm,Main,17.16mm,12.95mm,18.67mm,11.16mm,3.11mm,0.87g,,
a260,SBF,4A,I4,SAV I,Quartz,1-10%,Flake,Cobble,Complete,Yes,Bulb,Feather,Triangular,Residual grooves on platform,No,16.73mm,6.69mm,Main,12.43mm,10.54mm,17.54mm,17.45mm,4.90mm,1.05g,,
a261,SBF,4A,I4,SAV I,Quartz,0%,Flake,Cobble,Complete,Yes,Bulb,Feather,Rectangular,Residual grooves on platform,No,11.52mm,1.77mm,Main,7.95mm,6.61mm,17.38mm,15.66mm,3.51mm,0.60g,,
a262,SBF,4A,I4,SAV I,Quartz,0%,Flake,Cobble,Complete,Yes,Bulb,Feather,Rectangular,Residual grooves on platform,No,9.73mm,5.15mm,Main,6.34mm,4.28mm,12.73mm,11.12mm,4.22mm,0.28g,,
a263,SBF,4A,I4,SAV I,Quartz,0%,Flake,Cobble,Complete,Yes,Bulb,Feather,Triangular,Residual grooves on platform,No,7.04mm,2.47mm,Main,10.76mm,9.29mm,12.67mm,10.69mm,4.11mm,0.44g,,
a264,SBF,4A,I4,SAV I,Quartz,0%,Flake,Cobble,Complete,Yes,Bulb,Feather,Triangular,Residual grooves on platform,No,8.45mm,7.80mm,Main,14.32mm,13.65mm,8.38mm,7.68mm,3.28mm,0.30g,,
a265,SBF,4A,I4,SAV I,Quartz,0%,Flake,Cobble,Complete,Yes,Bulb,Feather,Triangular,Residual grooves on platform,No,9.32mm,3.09mm,Main,9.04mm,8.48mm,11.95mm,9.41mm,1.78mm,0.32g,,
a266,SBF,4A,I4,SAV I,Quartz,0%,Flake,Cobble,Complete,Yes,Bulb,Feather,Triangular,Residual grooves on platform,No,9.37mm,2.69mm,Main,13.56mm,13.49mm,21.42mm,20.33mm,4.36mm,1.42g,,
a267,SBF,4A,I4,SAV I,Quartz,0%,Flake,Cobble,Complete,Yes,Bulb,Feather,Ovular,Residual grooves on platform,No,5.14mm,1.60mm,Main,12.35mm,12.08mm,8.72mm,8.52mm,1.52mm,0.20g,,
a268,SBF,4A,I4,SAV I,Quartz,0%,Flake,Cobble,Complete,Yes,Bulb,Feather,Ovular,Residual grooves on platform,No,14.21mm,4.49mm,Main,16.71mm,"15,67mm",14.21mm,12.78mm,3.59mm,0.96g,,
a269,SBF,4A,I4,SAV I,Quartz,0%,Flake,Cobble,Complete,Yes,Bulb,Feather,Triangular,Residual grooves on platform,No,6.53mm,1.62mm,Main,10.00mm,9.79mm,11.75mm,11.75mm,1.94mm,0.25g,,
a270,SBF,4A,I4,SAV I,Quartz,0%,Flake,Cobble,Complete,Yes,Bulb,Feather,Kite,Residual grooves on platform,No,5.86mm,2.47mm,Main,8.53mm,7.97mm,10.81mm,8.04mm,2.44mm,0.29g,,
a271,SBF,4A,J3,AMONGST ROCKFALL,Limestone,0%,Flake,Cobble,Complete,Yes,Bulb,Feather,Ovular,Residual grooves on platform,No,16.65mm,5.08mm,Main,44.20mm,42.27mm,35.53mm,31.24mm,7.79mm,11.75g,,
a272,SBF,4A,J3,AMONGST ROCKFALL,Quartz,0%,Flake,Cobble,Complete,Yes,Bulb,Feather,Triangular,Residual grooves on platform,No,11.08mm,2.77mm,Main,11.25mm,10.49mm,15.06mm,14.93mm,1.72mm,0.40g,,
a273,SBF,4A,J3,AMONGST ROCKFALL,Quartz,0%,Flake,Cobble,Complete,Yes,Bulb,Feather,Ovular,Indeterminate,Indeterminate,3.81mm,1.27mm,Main,10.75mm,10.72mm,7.25mm,7.03mm,1.51mm,0.13g,,
a274,SBF,3A,J4,SHELL UNDER HEARTH,Quartz,0%,Flake,Cobble,Complete,Yes,Bulb,Feather,Triangular,Residual grooves on platform,No,8.27mm,3.09mm,Main,12.32mm,11.46mm,8.97mm,6.78mm,2.94mm,0.35g,,
a275,SBF,3A,J4,SHELL UNDER HEARTH,Quartz,0%,Flake,Cobble,Complete,Yes,Bulb,Feather,Rectangular,Residual grooves on platform,No,4.60mm,1.96mm,Main,16.45mm,15.64mm,7.88mm,7.31mm,3.35mm,0.54g,,
a276,SBF,3A,J4,SHELL UNDER HEARTH,Silcrete,0%,Flake,Cobble,Complete,Yes,Bulb,Feather,Triangular,Residual grooves on platform,No,20.41mm,7.51mm,Main,24.85mm,23.87mm,22.67mm,17.27mm,4.63mm,3.06g,,
a277,SBF,3A,J4,SHELL UNDER HEARTH,Silcrete,0%,Flake,Cobble,Complete,Yes,Bulb,Feather,Ovular,Indeterminate,Indeterminate,10.94mm,3.32mm,Main,31.01mm,29.41mm,22.03mm,18.27mm,5.04mm,3.19g,,
a278,SBF,3A,J4,SHELL UNDER HEARTH,Quartzite,1-10%,Flake,Cobble,Complete,Yes,Bulb,Feather,Ovular,Indeterminate,Indeterminate,6.28mm,1.59mm,Main,5.80mm,4.26mm,17.59mm,15.97mm,3.62mm,0.29g,,
a279,SBF,3A,I3,MATTED,Silcrete,0%,Flake,Cobble,Complete,Yes,Bulb,Feather,Rectangular,Residual grooves on platform,Yes,7.97mm,3.73mm,Main,7.60mm,7.57mm,9.79mm,8.95mm,4.50mm,0.33g,,
a280,SBF,3A,I3,MATTED,Quartzite,0%,Flake,Cobble,Complete,Yes,Bulb,Step,Triangular,Residual grooves on platform,No,5.44mm,3.34mm,Main,12.29mm,11.92mm,6.33mm,5.86mm,2.59mm,0.22g,,
a281,SBF,3A,I3,MATTED,Other,0%,Flake,Cobble,Complete,Yes,Bulb,Feather,Triangular,Residual grooves on platform,Yes,7.54mm,1.68mm,Main,7.43mm,7.25mm,12.49mm,10.33mm,1.56mm,0.13g,,
a282,SBF,3A,I3,MATTED,Other,0%,Flake,Cobble,Complete,Yes,Bulb,Step,Circular,Residual grooves on platform,No,14.13mm,13.08mm,Main,18.05mm,14.35mm,14.96mm,13.45mm,13.01mm,3.51g,,
a283,SBF,3A,I3,MATTED,Quartz,0%,Flake,Cobble,Complete,Yes,Bulb,Feather,Triangular,Residual grooves on platform,Indeterminate,7.79mm,4.05mm,Main,11.98mm,11.81mm,9.64mm,7.83mm,3.70mm,0.45g,,
a284,SBF,3A,I3,MATTED,Quartz,1-10%,Flake,Cobble,Complete,Yes,Bulb,Feather,Rectangular,Residual grooves on platform,No,6.95mm,1.43mm,Main,8.94mm,8.28mm,14.52mm,14.31mm,4.17mm,0.68g,,
a285,SBF,3A,I3,MATTED,Quartz,0%,Flake,Cobble,Complete,Yes,Bulb,Feather,Rectangular,Residual grooves on platform,No,10.25mm,2.47mm,Main,13.02mm,11.61mm,10.94mm,11.10mm,4.45mm,0.57g,,
a286,SBF,3A,I3,MATTED,Quartz,0%,Flake,Cobble,Complete,Yes,Bulb,Step,Rectangular,Residual grooves on platform,Indeterminate,12.29mm,7.58mm,Main,17.24mm,17.04mm,11.13mm,10.02mm,6.18mm,1.58g,,
a287,SBF,3A,I3,MATTED,Quartz,0%,Flake,Cobble,Complete,Yes,Bulb,Feather,Rectangular,Residual grooves on platform,No,18.11mm,9.58mm,Main,15.18mm,14.38mm,19.30mm,19.19mm,9.61mm,2.64g,,
a288,SBF,3A,I3,MATTED,Quartz,0%,Flake,Cobble,Complete,Yes,Bulb,Feather,Rectangular,Residual grooves on platform,No,7.21mm,3.56mm,Main,10.14mm,8.08mm,7.84mm,6.15mm,3.70mm,0.32g,,
a289,SBF,3A,I3,MATTED,Quartz,0%,Flake,Cobble,Complete,Yes,Bulb,Feather,Triangular,Residual grooves on platform,Indeterminate,5.12mm,1.98mm,Main,9.04mm,8.85mm,6.70mm,5.77mm,1.20mm,0.10g,,
,SBF,,,,,,Flake,,,,,,,,,,,Main,,,,,,,,
,SBF,,,,,,Flake,,,,,,,,,,,Main,,,,,,,,
,SBF,,,,,,Flake,,,,,,,,,,,Main,,,,,,,,
,SBF,,,,,,Flake,,,,,,,,,,,Main,,,,,,,,
,SBF,,,,,,Flake,,,,,,,,,,,Main,,,,,,,,
,SBF,,,,,,Flake,,,,,,,,,,,Main,,,,,,,,
,SBF,,,,,,Flake,,,,,,,,,,,Main,,,,,,,,
,SBF,,,,,,Flake,,,,,,,,,,,Main,,,,,,,,
,SBF,,,,,,Flake,,,,,,,,,,,Main,,,,,,,,
,SBF,,,,,,Flake,,,,,,,,,,,Main,,,,,,,,
,SBF,,,,,,Flake,,,,,,,,,,,Main,,,,,,,,
,SBF,,,,,,Flake,,,,,,,,,,,Main,,,,,,,,
,SBF,,,,,,Flake,,,,,,,,,,,Main,,,,,,,,
,SBF,,,,,,Flake,,,,,,,,,,,Main,,,,,,,,
,SBF,,,,,,Flake,,,,,,,,,,,Main,,,,,,,,
,SBF,,,,,,Flake,,,,,,,,,,,Main,,,,,,,,
,SBF,,,,,,Flake,,,,,,,,,,,Main,,,,,,,,
,SBF,,,,,,Flake,,,,,,,,,,,Main,,,,,,,,
,SBF,,,,,,Flake,,,,,,,,,,,Main,,,,,,,,
,SBF,,,,,,Flake,,,,,,,,,,,Main,,,,,,,,
,SBF,,,,,,Flake,,,,,,,,,,,Main,,,,,,,,
,SBF,,,,,,Flake,,,,,,,,,,,Main,,,,,,,,
,SBF,,,,,,Flake,,,,,,,,,,,Main,,,,,,,,
,SBF,,,,,,Flake,,,,,,,,,,,Main,,,,,,,,
,SBF,,,,,,Flake,,,,,,,,,,,Main,,,,,,,,
,SBF,,,,,,Flake,,,,,,,,,,,Main,,,,,,,,
,SBF,,,,,,Flake,,,,,,,,,,,Main,,,,,,,,
,SBF,,,,,,Flake,,,,,,,,,,,Main,,,,,,,,
,SBF,,,,,,Flake,,,,,,,,,,,Main,,,,,,,,
,SBF,,,,,,Flake,,,,,,,,,,,Main,,,,,,,,
,SBF,,,,,,Flake,,,,,,,,,,,Main,,,,,,,,
,SBF,,,,,,Flake,,,,,,,,,,,Main,,,,,,,,
,SBF,,,,,,Flake,,,,,,,,,,,Main,,,,,,,,
,SBF,,,,,,Flake,,,,,,,,,,,Main,,,,,,,,
,SBF,,,,,,Flake,,,,,,,,,,,Main,,,,,,,,
,SBF,,,,,,Flake,,,,,,,,,,,Main,,,,,,,,
,SBF,,,,,,Flake,,,,,,,,,,,Main,,,,,,,,
,SBF,,,,,,Flake,,,,,,,,,,,Main,,,,,,,,
,SBF,,,,,,Flake,,,,,,,,,,,Main,,,,,,,,
,SBF,,,,,,Flake,,,,,,,,,,,Main,,,,,,,,
,SBF,,,,,,Flake,,,,,,,,,,,Main,,,,,,,,
,SBF,,,,,,Flake,,,,,,,,,,,Main,,,,,,,,
,SBF,,,,,,Flake,,,,,,,,,,,Main,,,,,,,,
,SBF,,,,,,Flake,,,,,,,,,,,Main,,,,,,,,
,SBF,,,,,,Flake,,,,,,,,,,,Main,,,,,,,,
,SBF,,,,,,Flake,,,,,,,,,,,Main,,,,,,,,
,SBF,,,,,,Flake,,,,,,,,,,,Main,,,,,,,,
,SBF,,,,,,Flake,,,,,,,,,,,Main,,,,,,,,
,SBF,,,,,,Flake,,,,,,,,,,,Main,,,,,,,,
,SBF,,,,,,Flake,,,,,,,,,,,Main,,,,,,,,
,SBF,,,,,,Flake,,,,,,,,,,,Main,,,,,,,,
,SBF,,,,,,Flake,,,,,,,,,,,Main,,,,,,,,
,SBF,,,,,,Flake,,,,,,,,,,,Main,,,,,,,,
,SBF,,,,,,Flake,,,,,,,,,,,Main,,,,,,,,
,SBF,,,,,,Flake,,,,,,,,,,,Main,,,,,,,,
,SBF,,,,,,Flake,,,,,,,,,,,Main,,,,,,,,
,SBF,,,,,,Flake,,,,,,,,,,,Main,,,,,,,,
,SBF,,,,,,Flake,,,,,,,,,,,Main,,,,,,,,
,SBF,,,,,,Flake,,,,,,,,,,,Main,,,,,,,,
,SBF,,,,,,Flake,,,,,,,,,,,Main,,,,,,,,
,SBF,,,,,,Flake,,,,,,,,,,,Main,,,,,,,,
,SBF,,,,,,Flake,,,,,,,,,,,Main,,,,,,,,
,SBF,,,,,,Flake,,,,,,,,,,,Main,,,,,,,,
,SBF,,,,,,Flake,,,,,,,,,,,Main,,,,,,,,
,SBF,,,,,,Flake,,,,,,,,,,,Main,,,,,,,,
,SBF,,,,,,Flake,,,,,,,,,,,Main,,,,,,,,
,SBF,,,,,,Flake,,,,,,,,,,,Main,,,,,,,,
,SBF,,,,,,Flake,,,,,,,,,,,Main,,,,,,,,
,SBF,,,,,,Flake,,,,,,,,,,,Main,,,,,,,,
,SBF,,,,,,Flake,,,,,,,,,,,Main,,,,,,,,
,SBF,,,,,,Flake,,,,,,,,,,,Main,,,,,,,,
,SBF,,,,,,Flake,,,,,,,,,,,Main,,,,,,,,
,SBF,,,,,,Flake,,,,,,,,,,,Main,,,,,,,,
,SBF,,,,,,Flake,,,,,,,,,,,Main,,,,,,,,
,SBF,,,,,,Flake,,,,,,,,,,,Main,,,,,,,,
,SBF,,,,,,Flake,,,,,,,,,,,Main,,,,,,,,
,SBF,,,,,,Flake,,,,,,,,,,,Main,,,,,,,,
,SBF,,,,,,Flake,,,,,,,,,,,Main,,,,,,,,
,SBF,,,,,,Flake,,,,,,,,,,,Main,,,,,,,,
,SBF,,,,,,Flake,,,,,,,,,,,Main,,,,,,,,
,SBF,,,,,,Flake,,,,,,,,,,,Main,,,,,,,,
,SBF,,,,,,Flake,,,,,,,,,,,Main,,,,,,,,
,SBF,,,,,,Flake,,,,,,,,,,,Main,,,,,,,,
,SBF,,,,,,Flake,,,,,,,,,,,Main,,,,,,,,
,SBF,,,,,,Flake,,,,,,,,,,,Main,,,,,,,,
,SBF,,,,,,Flake,,,,,,,,,,,Main,,,,,,,,
,SBF,,,,,,Flake,,,,,,,,,,,Main,,,,,,,,
,SBF,,,,,,Flake,,,,,,,,,,,Main,,,,,,,,
,SBF,,,,,,Flake,,,,,,,,,,,Main,,,,,,,,
,SBF,,,,,,Flake,,,,,,,,,,,Main,,,,,,,,
,SBF,,,,,,Flake,,,,,,,,,,,Main,,,,,,,,
,SBF,,,,,,Flake,,,,,,,,,,,Main,,,,,,,,
,SBF,,,,,,Flake,,,,,,,,,,,Main,,,,,,,,
,SBF,,,,,,Flake,,,,,,,,,,,Main,,,,,,,,
,SBF,,,,,,Flake,,,,,,,,,,,Main,,,,,,,,
,SBF,,,,,,Flake,,,,,,,,,,,Main,,,,,,,,
,SBF,,,,,,Flake,,,,,,,,,,,Main,,,,,,,,
,SBF,,,,,,Flake,,,,,,,,,,,Main,,,,,,,,
,SBF,,,,,,Flake,,,,,,,,,,,Main,,,,,,,,
,SBF,,,,,,Flake,,,,,,,,,,,Main,,,,,,,,
,SBF,,,,,,Flake,,,,,,,,,,,Main,,,,,,,,
,SBF,,,,,,Flake,,,,,,,,,,,Main,,,,,,,,
,SBF,,,,,,Flake,,,,,,,,,,,Main,,,,,,,,
,SBF,,,,,,Flake,,,,,,,,,,,Main,,,,,,,,
,SBF,,,,,,Flake,,,,,,,,,,,Main,,,,,,,,
,SBF,,,,,,Flake,,,,,,,,,,,Main,,,,,,,,
,SBF,,,,,,Flake,,,,,,,,,,,Main,,,,,,,,
,SBF,,,,,,Flake,,,,,,,,,,,Main,,,,,,,,
,SBF,,,,,,Flake,,,,,,,,,,,Main,,,,,,,,
,SBF,,,,,,Flake,,,,,,,,,,,Main,,,,,,,,
,SBF,,,,,,Flake,,,,,,,,,,,Main,,,,,,,,
,SBF,,,,,,Flake,,,,,,,,,,,Main,,,,,,,,
,SBF,,,,,,Flake,,,,,,,,,,,Main,,,,,,,,
,SBF,,,,,,Flake,,,,,,,,,,,Main,,,,,,,,
,SBF,,,,,,Flake,,,,,,,,,,,Main,,,,,,,,
,SBF,,,,,,Flake,,,,,,,,,,,Main,,,,,,,,
,SBF,,,,,,Flake,,,,,,,,,,,Main,,,,,,,,
,SBF,,,,,,Flake,,,,,,,,,,,Main,,,,,,,,
,SBF,,,,,,Flake,,,,,,,,,,,Main,,,,,,,,
,SBF,,,,,,Flake,,,,,,,,,,,Main,,,,,,,,
,SBF,,,,,,Flake,,,,,,,,,,,Main,,,,,,,,
,SBF,,,,,,Flake,,,,,,,,,,,Main,,,,,,,,
,SBF,,,,,,Flake,,,,,,,,,,,Main,,,,,,,,
,SBF,,,,,,Flake,,,,,,,,,,,Main,,,,,,,,
,SBF,,,,,,Flake,,,,,,,,,,,Main,,,,,,,,
,SBF,,,,,,Flake,,,,,,,,,,,Main,,,,,,,,
,SBF,,,,,,Flake,,,,,,,,,,,Main,,,,,,,,
,SBF,,,,,,Flake,,,,,,,,,,,Main,,,,,,,,
,SBF,,,,,,Flake,,,,,,,,,,,Main,,,,,,,,
,SBF,,,,,,Flake,,,,,,,,,,,Main,,,,,,,,
,SBF,,,,,,Flake,,,,,,,,,,,Main,,,,,,,,
,SBF,,,,,,Flake,,,,,,,,,,,Main,,,,,,,,
,SBF,,,,,,Flake,,,,,,,,,,,Main,,,,,,,,
,SBF,,,,,,Flake,,,,,,,,,,,Main,,,,,,,,
,SBF,,,,,,Flake,,,,,,,,,,,Main,,,,,,,,
,SBF,,,,,,Flake,,,,,,,,,,,Main,,,,,,,,
,SBF,,,,,,Flake,,,,,,,,,,,Main,,,,,,,,
,SBF,,,,,,Flake,,,,,,,,,,,Main,,,,,,,,
,SBF,,,,,,Flake,,,,,,,,,,,Main,,,,,,,,
,SBF,,,,,,Flake,,,,,,,,,,,Main,,,,,,,,
,SBF,,,,,,Flake,,,,,,,,,,,Main,,,,,,,,
,SBF,,,,,,Flake,,,,,,,,,,,Main,,,,,,,,
,SBF,,,,,,Flake,,,,,,,,,,,Main,,,,,,,,
,SBF,,,,,,Flake,,,,,,,,,,,Main,,,,,,,,
,SBF,,,,,,Flake,,,,,,,,,,,Main,,,,,,,,
,SBF,,,,,,Flake,,,,,,,,,,,Main,,,,,,,,
,SBF,,,,,,Flake,,,,,,,,,,,Main,,,,,,,,
,SBF,,,,,,Flake,,,,,,,,,,,Main,,,,,,,,
,SBF,,,,,,Flake,,,,,,,,,,,Main,,,,,,,,
,SBF,,,,,,Flake,,,,,,,,,,,Main,,,,,,,,
,SBF,,,,,,Flake,,,,,,,,,,,Main,,,,,,,,
,SBF,,,,,,Flake,,,,,,,,,,,Main,,,,,,,,
,SBF,,,,,,Flake,,,,,,,,,,,,,,,,,,,
,SBF,,,,,,Flake,,,,,,,,,,,,,,,,,,,
,SBF,,,,,,Flake,,,,,,,,,,,,,,,,,,,
,SBF,,,,,,Flake,,,,,,,,,,,,,,,,,,,
,SBF,,,,,,Flake,,,,,,,,,,,,,,,,,,,
,SBF,,,,,,Flake,,,,,,,,,,,,,,,,,,,
,SBF,,,,,,Flake,,,,,,,,,,,,,,,,,,,
,SBF,,,,,,Flake,,,,,,,,,,,,,,,,,,,
,SBF,,,,,,Flake,,,,,,,,,,,,,,,,,,,
,SBF,,,,,,Flake,,,,,,,,,,,,,,,,,,,
,SBF,,,,,,Flake,,,,,,,,,,,,,,,,,,,
,SBF,,,,,,Flake,,,,,,,,,,,,,,,,,,,
,SBF,,,,,,Flake,,,,,,,,,,,,,,,,,,,
,SBF,,,,,,Flake,,,,,,,,,,,,,,,,,,,
,SBF,,,,,,Flake,,,,,,,,,,,,,,,,,,,
,SBF,,,,,,Flake,,,,,,,,,,,,,,,,,,,
,SBF,,,,,,Flake,,,,,,,,,,,,,,,,,,,
,SBF,,,,,,Flake,,,,,,,,,,,,,,,,,,,
,SBF,,,,,,Flake,,,,,,,,,,,,,,,,,,,
,SBF,,,,,,Flake,,,,,,,,,,,,,,,,,,,
,SBF,,,,,,Flake,,,,,,,,,,,,,,,,,,,
,SBF,,,,,,Flake,,,,,,,,,,,,,,,,,,,
,SBF,,,,,,Flake,,,,,,,,,,,,,,,,,,,
,SBF,,,,,,Flake,,,,,,,,,,,,,,,,,,,
,SBF,,,,,,Flake,,,,,,,,,,,,,,,,,,,
,SBF,,,,,,Flake,,,,,,,,,,,,,,,,,,,
,SBF,,,,,,Flake,,,,,,,,,,,,,,,,,,,
,SBF,,,,,,Flake,,,,,,,,,,,,,,,,,,,
,SBF,,,,,,Flake,,,,,,,,,,,,,,,,,,,
,SBF,,,,,,Flake,,,,,,,,,,,,,,,,,,,
,SBF,,,,,,Flake,,,,,,,,,,,,,,,,,,,
,SBF,,,,,,Flake,,,,,,,,,,,,,,,,,,,
,SBF,,,,,,Flake,,,,,,,,,,,,,,,,,,,
,SBF,,,,,,Flake,,,,,,,,,,,,,,,,,,,
,SBF,,,,,,Flake,,,,,,,,,,,,,,,,,,,
,SBF,,,,,,Flake,,,,,,,,,,,,,,,,,,,
,SBF,,,,,,Flake,,,,,,,,,,,,,,,,,,,
,SBF,,,,,,Flake,,,,,,,,,,,,,,,,,,,
,SBF,,,,,,Flake,,,,,,,,,,,,,,,,,,,
,SBF,,,,,,Flake,,,,,,,,,,,,,,,,,,,
,SBF,,,,,,Flake,,,,,,,,,,,,,,,,,,,
,SBF,,,,,,Flake,,,,,,,,,,,,,,,,,,,
,SBF,,,,,,Flake,,,,,,,,,,,,,,,,,,,
,SBF,,,,,,Flake,,,,,,,,,,,,,,,,,,,
,SBF,,,,,,Flake,,,,,,,,,,,,,,,,,,,
,SBF,,,,,,Flake,,,,,,,,,,,,,,,,,,,
,SBF,,,,,,Flake,,,,,,,,,,,,,,,,,,,
,SBF,,,,,,Flake,,,,,,,,,,,,,,,,,,,
,SBF,,,,,,Flake,,,,,,,,,,,,,,,,,,,
,SBF,,,,,,Flake,,,,,,,,,,,,,,,,,,,
,SBF,,,,,,Flake,,,,,,,,,,,,,,,,,,,
,SBF,,,,,,,,,,,,,,,,,,,,,,,,,
,SBF,,,,,,,,,,,,,,,,,,,,,,,,,
,SBF,,,,,,,,,,,,,,,,,,,,,,,,,
,SBF,,,,,,,,,,,,,,,,,,,,,,,,,
,SBF,,,,,,,,,,,,,,,,,,,,,,,,,
,SBF,,,,,,,,,,,,,,,,,,,,,,,,,
,SBF,,,,,,,,,,,,,,,,,,,,,,,,,
,SBF,,,,,,,,,,,,,,,,,,,,,,,,,
,SBF,,,,,,,,,,,,,,,,,,,,,,,,,
,SBF,,,,,,,,,,,,,,,,,,,,,,,,,
,SBF,,,,,,,,,,,,,,,,,,,,,,,,,
,SBF,,,,,,,,,,,,,,,,,,,,,,,,,
,SBF,,,,,,,,,,,,,,,,,,,,,,,,,
,SBF,,,,,,,,,,,,,,,,,,,,,,,,,
,SBF,,,,,,,,,,,,,,,,,,,,,,,,,
,SBF,,,,,,,,,,,,,,,,,,,,,,,,,
,SBF,,,,,,,,,,,,,,,,,,,,,,,,,
,SBF,,,,,,,,,,,,,,,,,,,,,,,,,
,SBF,,,,,,,,,,,,,,,,,,,,,,,,,
,SBF,,,,,,,,,,,,,,,,,,,,,,,,,
,SBF,,,,,,,,,,,,,,,,,,,,,,,,,
,SBF,,,,,,,,,,,,,,,,,,,,,,,,,
,SBF,,,,,,,,,,,,,,,,,,,,,,,,,
,SBF,,,,,,,,,,,,,,,,,,,,,,,,,
,SBF,,,,,,,,,,,,,,,,,,,,,,,,,
,SBF,,,,,,,,,,,,,,,,,,,,,,,,,
,SBF,,,,,,,,,,,,,,,,,,,,,,,,,
,SBF,,,,,,,,,,,,,,,,,,,,,,,,,
,SBF,,,,,,,,,,,,,,,,,,,,,,,,,
,SBF,,,,,,,,,,,,,,,,,,,,,,,,,
,SBF,,,,,,,,,,,,,,,,,,,,,,,,,
,SBF,,,,,,,,,,,,,,,,,,,,,,,,,
,SBF,,,,,,,,,,,,,,,,,,,,,,,,,
,SBF,,,,,,,,,,,,,,,,,,,,,,,,,
,SBF,,,,,,,,,,,,,,,,,,,,,,,,,
,SBF,,,,,,,,,,,,,,,,,,,,,,,,,
,SBF,,,,,,,,,,,,,,,,,,,,,,,,,
,SBF,,,,,,,,,,,,,,,,,,,,,,,,,
,SBF,,,,,,,,,,,,,,,,,,,,,,,,,
,SBF,,,,,,,,,,,,,,,,,,,,,,,,,
,SBF,,,,,,,,,,,,,,,,,,,,,,,,,
,SBF,,,,,,,,,,,,,,,,,,,,,,,,,
,SBF,,,,,,,,,,,,,,,,,,,,,,,,,
,SBF,,,,,,,,,,,,,,,,,,,,,,,,,
,SBF,,,,,,,,,,,,,,,,,,,,,,,,,
,SBF,,,,,,,,,,,,,,,,,,,,,,,,,
,SBF,,,,,,,,,,,,,,,,,,,,,,,,,
,SBF,,,,,,,,,,,,,,,,,,,,,,,,,
,SBF,,,,,,,,,,,,,,,,,,,,,,,,,
,SBF,,,,,,,,,,,,,,,,,,,,,,,,,
,SBF,,,,,,,,,,,,,,,,,,,,,,,,,
,SBF,,,,,,,,,,,,,,,,,,,,,,,,,
,SBF,,,,,,,,,,,,,,,,,,,,,,,,,
,SBF,,,,,,,,,,,,,,,,,,,,,,,,,
,SBF,,,,,,,,,,,,,,,,,,,,,,,,,
,SBF,,,,,,,,,,,,,,,,,,,,,,,,,
,SBF,,,,,,,,,,,,,,,,,,,,,,,,,
,SBF,,,,,,,,,,,,,,,,,,,,,,,,,
,SBF,,,,,,,,,,,,,,,,,,,,,,,,,
,SBF,,,,,,,,,,,,,,,,,,,,,,,,,
,SBF,,,,,,,,,,,,,,,,,,,,,,,,,
,SBF,,,,,,,,,,,,,,,,,,,,,,,,,
,SBF,,,,,,,,,,,,,,,,,,,,,,,,,
,SBF,,,,,,,,,,,,,,,,,,,,,,,,,
,SBF,,,,,,,,,,,,,,,,,,,,,,,,,
,SBF,,,,,,,,,,,,,,,,,,,,,,,,,
,SBF,,,,,,,,,,,,,,,,,,,,,,,,,
,SBF,,,,,,,,,,,,,,,,,,,,,,,,,
,SBF,,,,,,,,,,,,,,,,,,,,,,,,,
,SBF,,,,,,,,,,,,,,,,,,,,,,,,,
,SBF,,,,,,,,,,,,,,,,,,,,,,,,,
,SBF,,,,,,,,,,,,,,,,,,,,,,,,,
,SBF,,,,,,,,,,,,,,,,,,,,,,,,,
,SBF,,,,,,,,,,,,,,,,,,,,,,,,,
,SBF,,,,,,,,,,,,,,,,,,,,,,,,,
,SBF,,,,,,,,,,,,,,,,,,,,,,,,,
,SBF,,,,,,,,,,,,,,,,,,,,,,,,,
,SBF,,,,,,,,,,,,,,,,,,,,,,,,,
,SBF,,,,,,,,,,,,,,,,,,,,,,,,,
,SBF,,,,,,,,,,,,,,,,,,,,,,,,,
,SBF,,,,,,,,,,,,,,,,,,,,,,,,,
,SBF,,,,,,,,,,,,,,,,,,,,,,,,,
,SBF,,,,,,,,,,,,,,,,,,,,,,,,,
,SBF,,,,,,,,,,,,,,,,,,,,,,,,,
,SBF,,,,,,,,,,,,,,,,,,,,,,,,,
,SBF,,,,,,,,,,,,,,,,,,,,,,,,,
,SBF,,,,,,,,,,,,,,,,,,,,,,,,,
,SBF,,,,,,,,,,,,,,,,,,,,,,,,,
,SBF,,,,,,,,,,,,,,,,,,,,,,,,,
,SBF,,,,,,,,,,,,,,,,,,,,,,,,,
,SBF,,,,,,,,,,,,,,,,,,,,,,,,,
,SBF,,,,,,,,,,,,,,,,,,,,,,,,,
,SBF,,,,,,,,,,,,,,,,,,,,,,,,,
,SBF,,,,,,,,,,,,,,,,,,,,,,,,,
,SBF,,,,,,,,,,,,,,,,,,,,,,,,,
,SBF,,,,,,,,,,,,,,,,,,,,,,,,,
,SBF,,,,,,,,,,,,,,,,,,,,,,,,,
,SBF,,,,,,,,,,,,,,,,,,,,,,,,,
,SBF,,,,,,,,,,,,,,,,,,,,,,,,,
,SBF,,,,,,,,,,,,,,,,,,,,,,,,,
,SBF,,,,,,,,,,,,,,,,,,,,,,,,,
,SBF,,,,,,,,,,,,,,,,,,,,,,,,,
,SBF,,,,,,,,,,,,,,,,,,,,,,,,,
,SBF,,,,,,,,,,,,,,,,,,,,,,,,,
,SBF,,,,,,,,,,,,,,,,,,,,,,,,,
,SBF,,,,,,,,,,,,,,,,,,,,,,,,,
,SBF,,,,,,,,,,,,,,,,,,,,,,,,,
,SBF,,,,,,,,,,,,,,,,,,,,,,,,,
,SBF,,,,,,,,,,,,,,,,,,,,,,,,,
,SBF,,,,,,,,,,,,,,,,,,,,,,,,,
,SBF,,,,,,,,,,,,,,,,,,,,,,,,,
,SBF,,,,,,,,,,,,,,,,,,,,,,,,,
,SBF,,,,,,,,,,,,,,,,,,,,,,,,,
,SBF,,,,,,,,,,,,,,,,,,,,,,,,,
,SBF,,,,,,,,,,,,,,,,,,,,,,,,,
,SBF,,,,,,,,,,,,,,,,,,,,,,,,,
,SBF,,,,,,,,,,,,,,,,,,,,,,,,,
,SBF,,,,,,,,,,,,,,,,,,,,,,,,,
,SBF,,,,,,,,,,,,,,,,,,,,,,,,,
,SBF,,,,,,,,,,,,,,,,,,,,,,,,,
,SBF,,,,,,,,,,,,,,,,,,,,,,,,,
,SBF,,,,,,,,,,,,,,,,,,,,,,,,,
,SBF,,,,,,,,,,,,,,,,,,,,,,,,,
,SBF,,,,,,,,,,,,,,,,,,,,,,,,,
,SBF,,,,,,,,,,,,,,,,,,,,,,,,,
,SBF,,,,,,,,,,,,,,,,,,,,,,,,,
,SBF,,,,,,,,,,,,,,,,,,,,,,,,,
,SBF,,,,,,,,,,,,,,,,,,,,,,,,,
,SBF,,,,,,,,,,,,,,,,,,,,,,,,,
,SBF,,,,,,,,,,,,,,,,,,,,,,,,,
,SBF,,,,,,,,,,,,,,,,,,,,,,,,,
,SBF,,,,,,,,,,,,,,,,,,,,,,,,,
,SBF,,,,,,,,,,,,,,,,,,,,,,,,,
,SBF,,,,,,,,,,,,,,,,,,,,,,,,,
,SBF,,,,,,,,,,,,,,,,,,,,,,,,,
,SBF,,,,,,,,,,,,,,,,,,,,,,,,,
,SBF,,,,,,,,,,,,,,,,,,,,,,,,,
,SBF,,,,,,,,,,,,,,,,,,,,,,,,,
,SBF,,,,,,,,,,,,,,,,,,,,,,,,,
,SBF,,,,,,,,,,,,,,,,,,,,,,,,,
,SBF,,,,,,,,,,,,,,,,,,,,,,,,,
,SBF,,,,,,,,,,,,,,,,,,,,,,,,,
,SBF,,,,,,,,,,,,,,,,,,,,,,,,,
,SBF,,,,,,,,,,,,,,,,,,,,,,,,,
,SBF,,,,,,,,,,,,,,,,,,,,,,,,,
,SBF,,,,,,,,,,,,,,,,,,,,,,,,,
,SBF,,,,,,,,,,,,,,,,,,,,,,,,,
,SBF,,,,,,,,,,,,,,,,,,,,,,,,,
,SBF,,,,,,,,,,,,,,,,,,,,,,,,,
,SBF,,,,,,,,,,,,,,,,,,,,,,,,,
,SBF,,,,,,,,,,,,,,,,,,,,,,,,,
,SBF,,,,,,,,,,,,,,,,,,,,,,,,,
,SBF,,,,,,,,,,,,,,,,,,,,,,,,,
,SBF,,,,,,,,,,,,,,,,,,,,,,,,,
,SBF,,,,,,,,,,,,,,,,,,,,,,,,,
,SBF,,,,,,,,,,,,,,,,,,,,,,,,,
,SBF,,,,,,,,,,,,,,,,,,,,,,,,,
,SBF,,,,,,,,,,,,,,,,,,,,,,,,,
,SBF,,,,,,,,,,,,,,,,,,,,,,,,,
,SBF,,,,,,,,,,,,,,,,,,,,,,,,,
,SBF,,,,,,,,,,,,,,,,,,,,,,,,,
,SBF,,,,,,,,,,,,,,,,,,,,,,,,,
,SBF,,,,,,,,,,,,,,,,,,,,,,,,,
,SBF,,,,,,,,,,,,,,,,,,,,,,,,,
,SBF,,,,,,,,,,,,,,,,,,,,,,,,,
,SBF,,,,,,,,,,,,,,,,,,,,,,,,,
,SBF,,,,,,,,,,,,,,,,,,,,,,,,,
,SBF,,,,,,,,,,,,,,,,,,,,,,,,,
,SBF,,,,,,,,,,,,,,,,,,,,,,,,,
,SBF,,,,,,,,,,,,,,,,,,,,,,,,,
,SBF,,,,,,,,,,,,,,,,,,,,,,,,,
,SBF,,,,,,,,,,,,,,,,,,,,,,,,,
,SBF,,,,,,,,,,,,,,,,,,,,,,,,,
,SBF,,,,,,,,,,,,,,,,,,,,,,,,,
,SBF,,,,,,,,,,,,,,,,,,,,,,,,,
,SBF,,,,,,,,,,,,,,,,,,,,,,,,,
,SBF,,,,,,,,,,,,,,,,,,,,,,,,,
,SBF,,,,,,,,,,,,,,,,,,,,,,,,,
,SBF,,,,,,,,,,,,,,,,,,,,,,,,,
,SBF,,,,,,,,,,,,,,,,,,,,,,,,,
,SBF,,,,,,,,,,,,,,,,,,,,,,,,,
,SBF,,,,,,,,,,,,,,,,,,,,,,,,,
,SBF,,,,,,,,,,,,,,,,,,,,,,,,,
,SBF,,,,,,,,,,,,,,,,,,,,,,,,,
,SBF,,,,,,,,,,,,,,,,,,,,,,,,,
,SBF,,,,,,,,,,,,,,,,,,,,,,,,,
,SBF,,,,,,,,,,,,,,,,,,,,,,,,,
,SBF,,,,,,,,,,,,,,,,,,,,,,,,,
,SBF,,,,,,,,,,,,,,,,,,,,,,,,,
,SBF,,,,,,,,,,,,,,,,,,,,,,,,,
,SBF,,,,,,,,,,,,,,,,,,,,,,,,,
,SBF,,,,,,,,,,,,,,,,,,,,,,,,,
,SBF,,,,,,,,,,,,,,,,,,,,,,,,,
,SBF,,,,,,,,,,,,,,,,,,,,,,,,,
,SBF,,,,,,,,,,,,,,,,,,,,,,,,,
,SBF,,,,,,,,,,,,,,,,,,,,,,,,,
,SBF,,,,,,,,,,,,,,,,,,,,,,,,,
,SBF,,,,,,,,,,,,,,,,,,,,,,,,,
,SBF,,,,,,,,,,,,,,,,,,,,,,,,,
,SBF,,,,,,,,,,,,,,,,,,,,,,,,,
,SBF,,,,,,,,,,,,,,,,,,,,,,,,,
,SBF,,,,,,,,,,,,,,,,,,,,,,,,,
,SBF,,,,,,,,,,,,,,,,,,,,,,,,,
,SBF,,,,,,,,,,,,,,,,,,,,,,,,,
,SBF,,,,,,,,,,,,,,,,,,,,,,,,,
,SBF,,,,,,,,,,,,,,,,,,,,,,,,,
,SBF,,,,,,,,,,,,,,,,,,,,,,,,,
,SBF,,,,,,,,,,,,,,,,,,,,,,,,,
,SBF,,,,,,,,,,,,,,,,,,,,,,,,,
,SBF,,,,,,,,,,,,,,,,,,,,,,,,,
,SBF,,,,,,,,,,,,,,,,,,,,,,,,,
,SBF,,,,,,,,,,,,,,,,,,,,,,,,,
,SBF,,,,,,,,,,,,,,,,,,,,,,,,,
,SBF,,,,,,,,,,,,,,,,,,,,,,,,,
,SBF,,,,,,,,,,,,,,,,,,,,,,,,,
,SBF,,,,,,,,,,,,,,,,,,,,,,,,,
,SBF,,,,,,,,,,,,,,,,,,,,,,,,,
,SBF,,,,,,,,,,,,,,,,,,,,,,,,,
,SBF,,,,,,,,,,,,,,,,,,,,,,,,,
,SBF,,,,,,,,,,,,,,,,,,,,,,,,,
,SBF,,,,,,,,,,,,,,,,,,,,,,,,,
,SBF,,,,,,,,,,,,,,,,,,,,,,,,,
,SBF,,,,,,,,,,,,,,,,,,,,,,,,,
,SBF,,,,,,,,,,,,,,,,,,,,,,,,,
,SBF,,,,,,,,,,,,,,,,,,,,,,,,,
,SBF,,,,,,,,,,,,,,,,,,,,,,,,,
,SBF,,,,,,,,,,,,,,,,,,,,,,,,,
,SBF,,,,,,,,,,,,,,,,,,,,,,,,,
,SBF,,,,,,,,,,,,,,,,,,,,,,,,,
,SBF,,,,,,,,,,,,,,,,,,,,,,,,,
,SBF,,,,,,,,,,,,,,,,,,,,,,,,,
,SBF,,,,,,,,,,,,,,,,,,,,,,,,,
,SBF,,,,,,,,,,,,,,,,,,,,,,,,,
,SBF,,,,,,,,,,,,,,,,,,,,,,,,,
,SBF,,,,,,,,,,,,,,,,,,,,,,,,,
,SBF,,,,,,,,,,,,,,,,,,,,,,,,,
,SBF,,,,,,,,,,,,,,,,,,,,,,,,,
,SBF,,,,,,,,,,,,,,,,,,,,,,,,,
,SBF,,,,,,,,,,,,,,,,,,,,,,,,,
,SBF,,,,,,,,,,,,,,,,,,,,,,,,,
,SBF,,,,,,,,,,,,,,,,,,,,,,,,,
,SBF,,,,,,,,,,,,,,,,,,,,,,,,,
,SBF,,,,,,,,,,,,,,,,,,,,,,,,,
,SBF,,,,,,,,,,,,,,,,,,,,,,,,,
,SBF,,,,,,,,,,,,,,,,,,,,,,,,,
,SBF,,,,,,,,,,,,,,,,,,,,,,,,,
,SBF,,,,,,,,,,,,,,,,,,,,,,,,,
,SBF,,,,,,,,,,,,,,,,,,,,,,,,,
,SBF,,,,,,,,,,,,,,,,,,,,,,,,,
,SBF,,,,,,,,,,,,,,,,,,,,,,,,,
,SBF,,,,,,,,,,,,,,,,,,,,,,,,,
,SBF,,,,,,,,,,,,,,,,,,,,,,,,,
,SBF,,,,,,,,,,,,,,,,,,,,,,,,,
,SBF,,,,,,,,,,,,,,,,,,,,,,,,,
,SBF,,,,,,,,,,,,,,,,,,,,,,,,,
,SBF,,,,,,,,,,,,,,,,,,,,,,,,,
,SBF,,,,,,,,,,,,,,,,,,,,,,,,,
,SBF,,,,,,,,,,,,,,,,,,,,,,,,,
,SBF,,,,,,,,,,,,,,,,,,,,,,,,,
,SBF,,,,,,,,,,,,,,,,,,,,,,,,,
,SBF,,,,,,,,,,,,,,,,,,,,,,,,,
,SBF,,,,,,,,,,,,,,,,,,,,,,,,,
,SBF,,,,,,,,,,,,,,,,,,,,,,,,,
,SBF,,,,,,,,,,,,,,,,,,,,,,,,,
,SBF,,,,,,,,,,,,,,,,,,,,,,,,,
,SBF,,,,,,,,,,,,,,,,,,,,,,,,,
,SBF,,,,,,,,,,,,,,,,,,,,,,,,,
,SBF,,,,,,,,,,,,,,,,,,,,,,,,,
,SBF,,,,,,,,,,,,,,,,,,,,,,,,,
,SBF,,,,,,,,,,,,,,,,,,,,,,,,,
,SBF,,,,,,,,,,,,,,,,,,,,,,,,,
,SBF,,,,,,,,,,,,,,,,,,,,,,,,,
,SBF,,,,,,,,,,,,,,,,,,,,,,,,,
,SBF,,,,,,,,,,,,,,,,,,,,,,,,,
,SBF,,,,,,,,,,,,,,,,,,,,,,,,,
,SBF,,,,,,,,,,,,,,,,,,,,,,,,,
,SBF,,,,,,,,,,,,,,,,,,,,,,,,,
,SBF,,,,,,,,,,,,,,,,,,,,,,,,,
,SBF,,,,,,,,,,,,,,,,,,,,,,,,,
,SBF,,,,,,,,,,,,,,,,,,,,,,,,,
,SBF,,,,,,,,,,,,,,,,,,,,,,,,,
,SBF,,,,,,,,,,,,,,,,,,,,,,,,,
,SBF,,,,,,,,,,,,,,,,,,,,,,,,,
,SBF,,,,,,,,,,,,,,,,,,,,,,,,,
,SBF,,,,,,,,,,,,,,,,,,,,,,,,,
,SBF,,,,,,,,,,,,,,,,,,,,,,,,,
,SBF,,,,,,,,,,,,,,,,,,,,,,,,,
,SBF,,,,,,,,,,,,,,,,,,,,,,,,,
,SBF,,,,,,,,,,,,,,,,,,,,,,,,,
,SBF,,,,,,,,,,,,,,,,,,,,,,,,,
,SBF,,,,,,,,,,,,,,,,,,,,,,,,,
,SBF,,,,,,,,,,,,,,,,,,,,,,,,,
,SBF,,,,,,,,,,,,,,,,,,,,,,,,,
,SBF,,,,,,,,,,,,,,,,,,,,,,,,,
,SBF,,,,,,,,,,,,,,,,,,,,,,,,,
,SBF,,,,,,,,,,,,,,,,,,,,,,,,,
,SBF,,,,,,,,,,,,,,,,,,,,,,,,,
,SBF,,,,,,,,,,,,,,,,,,,,,,,,,
,SBF,,,,,,,,,,,,,,,,,,,,,,,,,
,SBF,,,,,,,,,,,,,,,,,,,,,,,,,
,SBF,,,,,,,,,,,,,,,,,,,,,,,,,
,SBF,,,,,,,,,,,,,,,,,,,,,,,,,
,SBF,,,,,,,,,,,,,,,,,,,,,,,,,
,SBF,,,,,,,,,,,,,,,,,,,,,,,,,
,SBF,,,,,,,,,,,,,,,,,,,,,,,,,
,SBF,,,,,,,,,,,,,,,,,,,,,,,,,
,SBF,,,,,,,,,,,,,,,,,,,,,,,,,
,SBF,,,,,,,,,,,,,,,,,,,,,,,,,
,SBF,,,,,,,,,,,,,,,,,,,,,,,,,
,SBF,,,,,,,,,,,,,,,,,,,,,,,,,
,SBF,,,,,,,,,,,,,,,,,,,,,,,,,
,SBF,,,,,,,,,,,,,,,,,,,,,,,,,
,SBF,,,,,,,,,,,,,,,,,,,,,,,,,
,SBF,,,,,,,,,,,,,,,,,,,,,,,,,
,SBF,,,,,,,,,,,,,,,,,,,,,,,,,
,SBF,,,,,,,,,,,,,,,,,,,,,,,,,
,SBF,,,,,,,,,,,,,,,,,,,,,,,,,
,SBF,,,,,,,,,,,,,,,,,,,,,,,,,
,SBF,,,,,,,,,,,,,,,,,,,,,,,,,
,SBF,,,,,,,,,,,,,,,,,,,,,,,,,
,SBF,,,,,,,,,,,,,,,,,,,,,,,,,
,SBF,,,,,,,,,,,,,,,,,,,,,,,,,
,SBF,,,,,,,,,,,,,,,,,,,,,,,,,
,SBF,,,,,,,,,,,,,,,,,,,,,,,,,
,SBF,,,,,,,,,,,,,,,,,,,,,,,,,
,SBF,,,,,,,,,,,,,,,,,,,,,,,,,
,SBF,,,,,,,,,,,,,,,,,,,,,,,,,
,SBF,,,,,,,,,,,,,,,,,,,,,,,,,
,SBF,,,,,,,,,,,,,,,,,,,,,,,,,
,SBF,,,,,,,,,,,,,,,,,,,,,,,,,
,SBF,,,,,,,,,,,,,,,,,,,,,,,,,
,SBF,,,,,,,,,,,,,,,,,,,,,,,,,
,SBF,,,,,,,,,,,,,,,,,,,,,,,,,
,SBF,,,,,,,,,,,,,,,,,,,,,,,,,
,SBF,,,,,,,,,,,,,,,,,,,,,,,,,
,SBF,,,,,,,,,,,,,,,,,,,,,,,,,
,SBF,,,,,,,,,,,,,,,,,,,,,,,,,
,SBF,,,,,,,,,,,,,,,,,,,,,,,,,
,SBF,,,,,,,,,,,,,,,,,,,,,,,,,
,SBF,,,,,,,,,,,,,,,,,,,,,,,,,
,SBF,,,,,,,,,,,,,,,,,,,,,,,,,
,SBF,,,,,,,,,,,,,,,,,,,,,,,,,
,SBF,,,,,,,,,,,,,,,,,,,,,,,,,
,SBF,,,,,,,,,,,,,,,,,,,,,,,,,
,SBF,,,,,,,,,,,,,,,,,,,,,,,,,
,SBF,,,,,,,,,,,,,,,,,,,,,,,,,
,SBF,,,,,,,,,,,,,,,,,,,,,,,,,
,SBF,,,,,,,,,,,,,,,,,,,,,,,,,
,SBF,,,,,,,,,,,,,,,,,,,,,,,,,
,SBF,,,,,,,,,,,,,,,,,,,,,,,,,
,SBF,,,,,,,,,,,,,,,,,,,,,,,,,
,SBF,,,,,,,,,,,,,,,,,,,,,,,,,
,SBF,,,,,,,,,,,,,,,,,,,,,,,,,
,SBF,,,,,,,,,,,,,,,,,,,,,,,,,
,SBF,,,,,,,,,,,,,,,,,,,,,,,,,
,SBF,,,,,,,,,,,,,,,,,,,,,,,,,
,SBF,,,,,,,,,,,,,,,,,,,,,,,,,
,SBF,,,,,,,,,,,,,,,,,,,,,,,,,
,SBF,,,,,,,,,,,,,,,,,,,,,,,,,
,SBF,,,,,,,,,,,,,,,,,,,,,,,,,
,SBF,,,,,,,,,,,,,,,,,,,,,,,,,
,SBF,,,,,,,,,,,,,,,,,,,,,,,,,
,SBF,,,,,,,,,,,,,,,,,,,,,,,,,
,SBF,,,,,,,,,,,,,,,,,,,,,,,,,
,SBF,,,,,,,,,,,,,,,,,,,,,,,,,
,SBF,,,,,,,,,,,,,,,,,,,,,,,,,
,SBF,,,,,,,,,,,,,,,,,,,,,,,,,
,SBF,,,,,,,,,,,,,,,,,,,,,,,,,
,SBF,,,,,,,,,,,,,,,,,,,,,,,,,
,SBF,,,,,,,,,,,,,,,,,,,,,,,,,
,SBF,,,,,,,,,,,,,,,,,,,,,,,,,
,SBF,,,,,,,,,,,,,,,,,,,,,,,,,
,SBF,,,,,,,,,,,,,,,,,,,,,,,,,
,SBF,,,,,,,,,,,,,,,,,,,,,,,,,
,SBF,,,,,,,,,,,,,,,,,,,,,,,,,
,SBF,,,,,,,,,,,,,,,,,,,,,,,,,
,SBF,,,,,,,,,,,,,,,,,,,,,,,,,
,SBF,,,,,,,,,,,,,,,,,,,,,,,,,
,SBF,,,,,,,,,,,,,,,,,,,,,,,,,
,SBF,,,,,,,,,,,,,,,,,,,,,,,,,
,SBF,,,,,,,,,,,,,,,,,,,,,,,,,
,SBF,,,,,,,,,,,,,,,,,,,,,,,,,
,SBF,,,,,,,,,,,,,,,,,,,,,,,,,
,SBF,,,,,,,,,,,,,,,,,,,,,,,,,
,SBF,,,,,,,,,,,,,,,,,,,,,,,,,
,SBF,,,,,,,,,,,,,,,,,,,,,,,,,
,SBF,,,,,,,,,,,,,,,,,,,,,,,,,
,SBF,,,,,,,,,,,,,,,,,,,,,,,,,
,SBF,,,,,,,,,,,,,,,,,,,,,,,,,
,SBF,,,,,,,,,,,,,,,,,,,,,,,,,
,SBF,,,,,,,,,,,,,,,,,,,,,,,,,
,SBF,,,,,,,,,,,,,,,,,,,,,,,,,
,SBF,,,,,,,,,,,,,,,,,,,,,,,,,
,SBF,,,,,,,,,,,,,,,,,,,,,,,,,
,SBF,,,,,,,,,,,,,,,,,,,,,,,,,
,SBF,,,,,,,,,,,,,,,,,,,,,,,,,
,SBF,,,,,,,,,,,,,,,,,,,,,,,,,
,SBF,,,,,,,,,,,,,,,,,,,,,,,,,
,SBF,,,,,,,,,,,,,,,,,,,,,,,,,
,SBF,,,,,,,,,,,,,,,,,,,,,,,,,
,SBF,,,,,,,,,,,,,,,,,,,,,,,,,
,SBF,,,,,,,,,,,,,,,,,,,,,,,,,
,SBF,,,,,,,,,,,,,,,,,,,,,,,,,
,SBF,,,,,,,,,,,,,,,,,,,,,,,,,
,SBF,,,,,,,,,,,,,,,,,,,,,,,,,
,SBF,,,,,,,,,,,,,,,,,,,,,,,,,
,SBF,,,,,,,,,,,,,,,,,,,,,,,,,
,SBF,,,,,,,,,,,,,,,,,,,,,,,,,
,SBF,,,,,,,,,,,,,,,,,,,,,,,,,
,SBF,,,,,,,,,,,,,,,,,,,,,,,,,
,SBF,,,,,,,,,,,,,,,,,,,,,,,,,
,SBF,,,,,,,,,,,,,,,,,,,,,,,,,
,SBF,,,,,,,,,,,,,,,,,,,,,,,,,
,SBF,,,,,,,,,,,,,,,,,,,,,,,,,
,SBF,,,,,,,,,,,,,,,,,,,,,,,,,
,SBF,,,,,,,,,,,,,,,,,,,,,,,,,
,SBF,,,,,,,,,,,,,,,,,,,,,,,,,
,SBF,,,,,,,,,,,,,,,,,,,,,,,,,
,SBF,,,,,,,,,,,,,,,,,,,,,,,,,
,SBF,,,,,,,,,,,,,,,,,,,,,,,,,
,SBF,,,,,,,,,,,,,,,,,,,,,,,,,
,SBF,,,,,,,,,,,,,,,,,,,,,,,,,
,SBF,,,,,,,,,,,,,,,,,,,,,,,,,
,SBF,,,,,,,,,,,,,,,,,,,,,,,,,
,SBF,,,,,,,,,,,,,,,,,,,,,,,,,
,SBF,,,,,,,,,,,,,,,,,,,,,,,,,
,SBF,,,,,,,,,,,,,,,,,,,,,,,,,
,SBF,,,,,,,,,,,,,,,,,,,,,,,,,
,SBF,,,,,,,,,,,,,,,,,,,,,,,,,
,SBF,,,,,,,,,,,,,,,,,,,,,,,,,
,SBF,,,,,,,,,,,,,,,,,,,,,,,,,
,SBF,,,,,,,,,,,,,,,,,,,,,,,,,
,SBF,,,,,,,,,,,,,,,,,,,,,,,,,
,SBF,,,,,,,,,,,,,,,,,,,,,,,,,
,SBF,,,,,,,,,,,,,,,,,,,,,,,,,
,SBF,,,,,,,,,,,,,,,,,,,,,,,,,
,SBF,,,,,,,,,,,,,,,,,,,,,,,,,
,SBF,,,,,,,,,,,,,,,,,,,,,,,,,
,SBF,,,,,,,,,,,,,,,,,,,,,,,,,
,SBF,,,,,,,,,,,,,,,,,,,,,,,,,
,SBF,,,,,,,,,,,,,,,,,,,,,,,,,
,SBF,,,,,,,,,,,,,,,,,,,,,,,,,
,SBF,,,,,,,,,,,,,,,,,,,,,,,,,
,SBF,,,,,,,,,,,,,,,,,,,,,,,,,
,SBF,,,,,,,,,,,,,,,,,,,,,,,,,
,SBF,,,,,,,,,,,,,,,,,,,,,,,,,
,SBF,,,,,,,,,,,,,,,,,,,,,,,,,
,SBF,,,,,,,,,,,,,,,,,,,,,,,,,
,SBF,,,,,,,,,,,,,,,,,,,,,,,,,
,SBF,,,,,,,,,,,,,,,,,,,,,,,,,
,SBF,,,,,,,,,,,,,,,,,,,,,,,,,
,SBF,,,,,,,,,,,,,,,,,,,,,,,,,
,SBF,,,,,,,,,,,,,,,,,,,,,,,,,
,SBF,,,,,,,,,,,,,,,,,,,,,,,,,
,SBF,,,,,,,,,,,,,,,,,,,,,,,,,
,SBF,,,,,,,,,,,,,,,,,,,,,,,,,
,SBF,,,,,,,,,,,,,,,,,,,,,,,,,
,SBF,,,,,,,,,,,,,,,,,,,,,,,,,
,SBF,,,,,,,,,,,,,,,,,,,,,,,,,
,SBF,,,,,,,,,,,,,,,,,,,,,,,,,
,SBF,,,,,,,,,,,,,,,,,,,,,,,,,
,SBF,,,,,,,,,,,,,,,,,,,,,,,,,
,SBF,,,,,,,,,,,,,,,,,,,,,,,,,
,SBF,,,,,,,,,,,,,,,,,,,,,,,,,
,SBF,,,,,,,,,,,,,,,,,,,,,,,,,
,SBF,,,,,,,,,,,,,,,,,,,,,,,,,
,SBF,,,,,,,,,,,,,,,,,,,,,,,,,
,SBF,,,,,,,,,,,,,,,,,,,,,,,,,
,SBF,,,,,,,,,,,,,,,,,,,,,,,,,
,SBF,,,,,,,,,,,,,,,,,,,,,,,,,
,SBF,,,,,,,,,,,,,,,,,,,,,,,,,
,SBF,,,,,,,,,,,,,,,,,,,,,,,,,
,SBF,,,,,,,,,,,,,,,,,,,,,,,,,
,SBF,,,,,,,,,,,,,,,,,,,,,,,,,
,SBF,,,,,,,,,,,,,,,,,,,,,,,,,
,SBF,,,,,,,,,,,,,,,,,,,,,,,,,
,SBF,,,,,,,,,,,,,,,,,,,,,,,,,
,SBF,,,,,,,,,,,,,,,,,,,,,,,,,
,SBF,,,,,,,,,,,,,,,,,,,,,,,,,
,SBF,,,,,,,,,,,,,,,,,,,,,,,,,
,SBF,,,,,,,,,,,,,,,,,,,,,,,,,
,SBF,,,,,,,,,,,,,,,,,,,,,,,,,
,SBF,,,,,,,,,,,,,,,,,,,,,,,,,
,SBF,,,,,,,,,,,,,,,,,,,,,,,,,
,SBF,,,,,,,,,,,,,,,,,,,,,,,,,
,SBF,,,,,,,,,,,,,,,,,,,,,,,,,
,SBF,,,,,,,,,,,,,,,,,,,,,,,,,
,SBF,,,,,,,,,,,,,,,,,,,,,,,,,
,SBF,,,,,,,,,,,,,,,,,,,,,,,,,
,SBF,,,,,,,,,,,,,,,,,,,,,,,,,
,SBF,,,,,,,,,,,,,,,,,,,,,,,,,
,SBF,,,,,,,,,,,,,,,,,,,,,,,,,
,SBF,,,,,,,,,,,,,,,,,,,,,,,,,
,SBF,,,,,,,,,,,,,,,,,,,,,,,,,
,SBF,,,,,,,,,,,,,,,,,,,,,,,,,
,SBF,,,,,,,,,,,,,,,,,,,,,,,,,
,SBF,,,,,,,,,,,,,,,,,,,,,,,,,
,SBF,,,,,,,,,,,,,,,,,,,,,,,,,
,SBF,,,,,,,,,,,,,,,,,,,,,,,,,
,SBF,,,,,,,,,,,,,,,,,,,,,,,,,
,SBF,,,,,,,,,,,,,,,,,,,,,,,,,
,SBF,,,,,,,,,,,,,,,,,,,,,,,,,
,SBF,,,,,,,,,,,,,,,,,,,,,,,,,
,SBF,,,,,,,,,,,,,,,,,,,,,,,,,
,SBF,,,,,,,,,,,,,,,,,,,,,,,,,
,SBF,,,,,,,,,,,,,,,,,,,,,,,,,